Samples,Plant,Year,Plot,Nitrogen,Days,Soil,fertilizer,Type,Comparing,Nucelic
2001_C_2018_P3_N300_A_20180429_CABBI,Corn,2018,3,300,-10,Rizosphere,no,2018_300_-10,3,DNA
2002_C_2018_P3_N300_B_20180429_CABBI,Corn,2018,3,300,-10,Rizosphere,no,2018_300_-10,3,DNA
2003_C_2018_P3_N300_C_20180429_CABBI,Corn,2018,3,300,-10,Rizosphere,no,2018_300_-10,3,DNA
2004_C_2018_P4_N0_A_20180429_CABBI,Corn,2018,4,0,-10,Rizosphere,no,2018_0_-10,3,DNA
2005_C_2018_P4_N0_B_20180429_CABBI,Corn,2018,4,0,-10,Rizosphere,no,2018_0_-10,3,DNA
2006_C_2018_P4_N0_C_20180429_CABBI,Corn,2018,4,0,-10,Rizosphere,no,2018_0_-10,3,DNA
2007_C_2018_P5_N200_A_20180429_CABBI,Corn,2018,5,200,-10,Rizosphere,no,2018_200_-10,3,DNA
2008_C_2018_P5_N200_B_20180429_CABBI,Corn,2018,5,200,-10,Rizosphere,no,2018_200_-10,3,DNA
2009_C_2018_P5_N200_C_20180429_CABBI,Corn,2018,5,200,-10,Rizosphere,no,2018_200_-10,3,DNA
2010_C_2018_P6_N300_A_20180429_CABBI,Corn,2018,6,300,-10,Rizosphere,no,2018_300_-10,3,DNA
2011_C_2018_P6_N300_B_20180429_CABBI,Corn,2018,6,300,-10,Rizosphere,no,2018_300_-10,3,DNA
2012_C_2018_P6_N300_C_20180429_CABBI,Corn,2018,6,300,-10,Rizosphere,no,2018_300_-10,3,DNA
2013_C_2018_P7_N0_A_20180429_CABBI,Corn,2018,7,0,-10,Rizosphere,no,2018_0_-10,3,DNA
2014_C_2018_P7_N0_B_20180429_CABBI,Corn,2018,7,0,-10,Rizosphere,no,2018_0_-10,3,DNA
2015_C_2018_P7_N0_C_20180429_CABBI,Corn,2018,7,0,-10,Rizosphere,no,2018_0_-10,3,DNA
2016_C_2018_P9_N200_A_20180429_CABBI,Corn,2018,9,200,-10,Rizosphere,no,2018_200_-10,3,DNA
2017_C_2018_P9_N200_B_20180429_CABBI,Corn,2018,9,200,-10,Rizosphere,no,2018_200_-10,3,DNA
2018_C_2018_P9_N200_C_20180429_CABBI,Corn,2018,9,200,-10,Rizosphere,no,2018_200_-10,3,DNA
2019_C_2018_P12_N200_A_20180429_CABBI,Corn,2018,12,200,-10,Rizosphere,no,2018_200_-10,3,DNA
2020_C_2018_P12_N200_B_20180429_CABBI,Corn,2018,12,200,-10,Rizosphere,no,2018_200_-10,3,DNA
2021_C_2018_P12_N200_C_20180429_CABBI,Corn,2018,12,200,-10,Rizosphere,no,2018_200_-10,3,DNA
2022_C_2018_P13_N300_A_20180429_CABBI,Corn,2018,13,300,-10,Rizosphere,no,2018_300_-10,3,DNA
2023_C_2018_P13_N300_B_20180429_CABBI,Corn,2018,13,300,-10,Rizosphere,no,2018_300_-10,3,DNA
2024_C_2018_P13_N300_C_20180429_CABBI,Corn,2018,13,300,-10,Rizosphere,no,2018_300_-10,3,DNA
2025_C_2018_P14_N0_A_20180429_CABBI,Corn,2018,14,0,-10,Rizosphere,no,2018_0_-10,3,DNA
2026_C_2018_P14_N0_B_20180429_CABBI,Corn,2018,14,0,-10,Rizosphere,no,2018_0_-10,3,DNA
2027_C_2018_P14_N0_C_20180429_CABBI,Corn,2018,14,0,-10,Rizosphere,no,2018_0_-10,3,DNA
2028_M_2015_P3_N400_A_20180429_CABBI,Miscanthus,2015,3,400,-10,Rizosphere,no,2015_400_-10,1,DNA
2029_M_2015_P3_N400_B_20180429_CABBI,Miscanthus,2015,3,400,-10,Rizosphere,no,2015_400_-10,1,DNA
2030_M_2015_P3_N400_C_20180429_CABBI,Miscanthus,2015,3,400,-10,Rizosphere,no,2015_400_-10,1,DNA
2031_M_2015_P4_N0_A_20180429_CABBI,Miscanthus,2015,4,0,-10,Rizosphere,no,2015_0_-10,1,DNA
2032_M_2015_P4_N0_B_20180429_CABBI,Miscanthus,2015,4,0,-10,Rizosphere,no,2015_0_-10,1,DNA
2033_M_2015_P4_N0_C_20180429_CABBI,Miscanthus,2015,4,0,-10,Rizosphere,no,2015_0_-10,1,DNA
2034_M_2015_P5_N200_A_20180429_CABBI,Miscanthus,2015,5,200,-10,Rizosphere,no,2015_200_-10,1,DNA
2035_M_2015_P5_N200_B_20180429_CABBI,Miscanthus,2015,5,200,-10,Rizosphere,no,2015_200_-10,1,DNA
2036_M_2015_P5_N200_C_20180429_CABBI,Miscanthus,2015,5,200,-10,Rizosphere,no,2015_200_-10,1,DNA
2037_M_2016_P6_N400_A_20180429_CABBI,Miscanthus,2016,6,400,-10,Rizosphere,no,2016_400_-10,1,DNA
2038_M_2016_P6_N400_B_20180429_CABBI,Miscanthus,2016,6,400,-10,Rizosphere,no,2016_400_-10,1,DNA
2039_M_2016_P6_N400_C_20180429_CABBI,Miscanthus,2016,6,400,-10,Rizosphere,no,2016_400_-10,1,DNA
2040_M_2016_P7_N0_A_20180429_CABBI,Miscanthus,2016,7,0,-10,Rizosphere,no,2016_0_-10,1,DNA
2041_M_2016_P7_N0_B_20180429_CABBI,Miscanthus,2016,7,0,-10,Rizosphere,no,2016_0_-10,1,DNA
2042_M_2016_P7_N0_C_20180429_CABBI,Miscanthus,2016,7,0,-10,Rizosphere,no,2016_0_-10,1,DNA
2043_M_2016_P9_N200_A_20180429_CABBI,Miscanthus,2016,9,200,-10,Rizosphere,no,2016_200_-10,1,DNA
2044_M_2016_P9_N200_B_20180429_CABBI,Miscanthus,2016,9,200,-10,Rizosphere,no,2016_200_-10,1,DNA
2045_M_2016_P9_N200_C_20180429_CABBI,Miscanthus,2016,9,200,-10,Rizosphere,no,2016_200_-10,1,DNA
2046_M_2017_P12_N200_A_20180429_CABBI,Miscanthus,2017,12,200,-10,Rizosphere,no,2017_200_-10,2,DNA
2047_M_2017_P12_N200_B_20180429_CABBI,Miscanthus,2017,12,200,-10,Rizosphere,no,2017_200_-10,2,DNA
2048_M_2017_P12_N200_C_20180429_CABBI,Miscanthus,2017,12,200,-10,Rizosphere,no,2017_200_-10,2,DNA
2049_M_2017_P13_N400_A_20180429_CABBI,Miscanthus,2017,13,400,-10,Rizosphere,no,2017_400_-10,2,DNA
2050_M_2017_P13_N400_B_20180429_CABBI,Miscanthus,2017,13,400,-10,Rizosphere,no,2017_400_-10,2,DNA
2051_M_2017_P13_N400_C_20180429_CABBI,Miscanthus,2017,13,400,-10,Rizosphere,no,2017_400_-10,2,DNA
2052_M_2017_P14_N0_A_20180429_CABBI,Miscanthus,2017,14,0,-10,Rizosphere,no,2017_0_-10,2,DNA
2053_M_2017_P14_N0_B_20180429_CABBI,Miscanthus,2017,14,0,-10,Rizosphere,no,2017_0_-10,2,DNA
2054_M_2017_P14_N0_C_20180429_CABBI,Miscanthus,2017,14,0,-10,Rizosphere,no,2017_0_-10,2,DNA
2055_M_2016_P17_N400_A_20180429_CABBI,Miscanthus,2016,17,400,-10,Rizosphere,no,2016_400_-10,1,DNA
2056_M_2016_P17_N400_B_20180429_CABBI,Miscanthus,2016,17,400,-10,Rizosphere,no,2016_400_-10,1,DNA
2057_M_2016_P17_N400_C_20180429_CABBI,Miscanthus,2016,17,400,-10,Rizosphere,no,2016_400_-10,1,DNA
2058_M_2016_P18_N200_A_20180429_CABBI,Miscanthus,2016,18,200,-10,Rizosphere,no,2016_200_-10,1,DNA
2059_M_2016_P18_N200_B_20180429_CABBI,Miscanthus,2016,18,200,-10,Rizosphere,no,2016_200_-10,1,DNA
2060_M_2016_P18_N200_C_20180429_CABBI,Miscanthus,2016,18,200,-10,Rizosphere,no,2016_200_-10,1,DNA
2061_M_2016_P19_N0_A_20180429_CABBI,Miscanthus,2016,19,0,-10,Rizosphere,no,2016_0_-10,1,DNA
2062_M_2016_P19_N0_B_20180429_CABBI,Miscanthus,2016,19,0,-10,Rizosphere,no,2016_0_-10,1,DNA
2063_M_2016_P19_N0_C_20180429_CABBI,Miscanthus,2016,19,0,-10,Rizosphere,no,2016_0_-10,1,DNA
2064_M_2017_P22_N400_A_20180429_CABBI,Miscanthus,2017,22,400,-10,Rizosphere,no,2017_400_-10,2,DNA
2065_M_2017_P22_N400_B_20180429_CABBI,Miscanthus,2017,22,400,-10,Rizosphere,no,2017_400_-10,2,DNA
2066_M_2017_P22_N400_C_20180429_CABBI,Miscanthus,2017,22,400,-10,Rizosphere,no,2017_400_-10,2,DNA
2067_M_2017_P24_N0_A_20180429_CABBI,Miscanthus,2017,24,0,-10,Rizosphere,no,2017_0_-10,2,DNA
2068_M_2017_P24_N0_B_20180429_CABBI,Miscanthus,2017,24,0,-10,Rizosphere,no,2017_0_-10,2,DNA
2069_M_2017_P24_N0_C_20180429_CABBI,Miscanthus,2017,24,0,-10,Rizosphere,no,2017_0_-10,2,DNA
2070_M_2017_P25_N200_A_20180429_CABBI,Miscanthus,2017,25,200,-10,Rizosphere,no,2017_200_-10,2,DNA
2071_M_2017_P25_N200_B_20180429_CABBI,Miscanthus,2017,25,200,-10,Rizosphere,no,2017_200_-10,2,DNA
2072_M_2017_P25_N200_C_20180429_CABBI,Miscanthus,2017,25,200,-10,Rizosphere,no,2017_200_-10,2,DNA
2073_M_2015_P27_N400_A_20180429_CABBI,Miscanthus,2015,27,400,-10,Rizosphere,no,2015_400_-10,1,DNA
2074_M_2015_P27_N400_B_20180429_CABBI,Miscanthus,2015,27,400,-10,Rizosphere,no,2015_400_-10,1,DNA
2075_M_2015_P27_N400_C_20180429_CABBI,Miscanthus,2015,27,400,-10,Rizosphere,no,2015_400_-10,1,DNA
2076_M_2015_P28_N0_A_20180429_CABBI,Miscanthus,2015,28,0,-10,Rizosphere,no,2015_0_-10,1,DNA
2077_M_2015_P28_N0_B_20180429_CABBI,Miscanthus,2015,28,0,-10,Rizosphere,no,2015_0_-10,1,DNA
2078_M_2015_P28_N0_C_20180429_CABBI,Miscanthus,2015,28,0,-10,Rizosphere,no,2015_0_-10,1,DNA
2079_M_2015_P30_N200_A_20180429_CABBI,Miscanthus,2015,30,200,-10,Rizosphere,no,2015_200_-10,1,DNA
2080_M_2015_P30_N200_B_20180429_CABBI,Miscanthus,2015,30,200,-10,Rizosphere,no,2015_200_-10,1,DNA
2081_M_2015_P30_N200_C_20180429_CABBI,Miscanthus,2015,30,200,-10,Rizosphere,no,2015_200_-10,1,DNA
2082_M_2017_P33_N200_A_20180429_CABBI,Miscanthus,2017,33,200,-10,Rizosphere,no,2017_200_-10,2,DNA
2083_M_2017_P33_N200_B_20180429_CABBI,Miscanthus,2017,33,200,-10,Rizosphere,no,2017_200_-10,2,DNA
2084_M_2017_P33_N200_C_20180429_CABBI,Miscanthus,2017,33,200,-10,Rizosphere,no,2017_200_-10,2,DNA
2085_M_2017_P34_N400_A_20180429_CABBI,Miscanthus,2017,34,400,-10,Rizosphere,no,2017_400_-10,2,DNA
2086_M_2017_P34_N400_B_20180429_CABBI,Miscanthus,2017,34,400,-10,Rizosphere,no,2017_400_-10,2,DNA
2087_M_2017_P34_N400_C_20180429_CABBI,Miscanthus,2017,34,400,-10,Rizosphere,no,2017_400_-10,2,DNA
2088_M_2017_P35_N0_A_20180429_CABBI,Miscanthus,2017,35,0,-10,Rizosphere,no,2017_0_-10,2,DNA
2089_M_2017_P35_N0_B_20180429_CABBI,Miscanthus,2017,35,0,-10,Rizosphere,no,2017_0_-10,2,DNA
2090_M_2017_P35_N0_C_20180429_CABBI,Miscanthus,2017,35,0,-10,Rizosphere,no,2017_0_-10,2,DNA
2091_M_2016_P37_N400_A_20180429_CABBI,Miscanthus,2016,37,400,-10,Rizosphere,no,2016_400_-10,1,DNA
2092_M_2016_P37_N400_B_20180429_CABBI,Miscanthus,2016,37,400,-10,Rizosphere,no,2016_400_-10,1,DNA
2093_M_2016_P37_N400_C_20180429_CABBI,Miscanthus,2016,37,400,-10,Rizosphere,no,2016_400_-10,1,DNA
2094_M_2016_P39_N0_A_20180429_CABBI,Miscanthus,2016,39,0,-10,Rizosphere,no,2016_0_-10,1,DNA
2095_M_2016_P39_N0_B_20180429_CABBI,Miscanthus,2016,39,0,-10,Rizosphere,no,2016_0_-10,1,DNA
2096_M_2016_P39_N0_C_20180429_CABBI,Miscanthus,2016,39,0,-10,Rizosphere,no,2016_0_-10,1,DNA
2098_M_2016_P40_N200_B_20180429_CABBI,Miscanthus,2016,40,200,-10,Rizosphere,no,2016_200_-10,1,DNA
2099_M_2016_P40_N200_C_20180429_CABBI,Miscanthus,2016,40,200,-10,Rizosphere,no,2016_200_-10,1,DNA
2100_M_2015_P43_N200_A_20180429_CABBI,Miscanthus,2015,43,200,-10,Rizosphere,no,2015_200_-10,1,DNA
2101_M_2015_P43_N200_B_20180429_CABBI,Miscanthus,2015,43,200,-10,Rizosphere,no,2015_200_-10,1,DNA
2103_M_2015_P44_N0_A_20180429_CABBI,Miscanthus,2015,44,0,-10,Rizosphere,no,2015_0_-10,1,DNA
2104_M_2015_P44_N0_B_20180429_CABBI,Miscanthus,2015,44,0,-10,Rizosphere,no,2015_0_-10,1,DNA
2105_M_2015_P44_N0_C_20180429_CABBI,Miscanthus,2015,44,0,-10,Rizosphere,no,2015_0_-10,1,DNA
2106_M_2015_P45_N400_A_20180429_CABBI,Miscanthus,2015,45,400,-10,Rizosphere,no,2015_400_-10,1,DNA
2108_M_2015_P45_N400_C_20180429_CABBI,Miscanthus,2015,45,400,-10,Rizosphere,no,2015_400_-10,1,DNA
2109_C_2018_P33_N200_A_20180429_CABBI,Corn,2018,33,200,-10,Rizosphere,no,2018_200_-10,3,DNA
2110_C_2018_P33_N200_B_20180429_CABBI,Corn,2018,33,200,-10,Rizosphere,no,2018_200_-10,3,DNA
2111_C_2018_P33_N200_C_20180429_CABBI,Corn,2018,33,200,-10,Rizosphere,no,2018_200_-10,3,DNA
2112_C_2018_P34_N300_A_20180429_CABBI,Corn,2018,34,300,-10,Rizosphere,no,2018_300_-10,3,DNA
2113_C_2018_P34_N300_B_20180429_CABBI,Corn,2018,34,300,-10,Rizosphere,no,2018_300_-10,3,DNA
2114_C_2018_P34_N300_C_20180429_CABBI,Corn,2018,34,300,-10,Rizosphere,no,2018_300_-10,3,DNA
2115_C_2018_P35_N0_A_20180429_CABBI,Corn,2018,35,0,-10,Rizosphere,no,2018_0_-10,3,DNA
2116_C_2018_P35_N0_B_20180429_CABBI,Corn,2018,35,0,-10,Rizosphere,no,2018_0_-10,3,DNA
2117_C_2018_P35_N0_C_20180429_CABBI,Corn,2018,35,0,-10,Rizosphere,no,2018_0_-10,3,DNA
2118_C_2018_P37_N300_A_20180429_CABBI,Corn,2018,37,300,-10,Rizosphere,no,2018_300_-10,3,DNA
2119_C_2018_P37_N300_B_20180429_CABBI,Corn,2018,37,300,-10,Rizosphere,no,2018_300_-10,3,DNA
2120_C_2018_P37_N300_C_20180429_CABBI,Corn,2018,37,300,-10,Rizosphere,no,2018_300_-10,3,DNA
2121_C_2018_P39_N0_A_20180429_CABBI,Corn,2018,39,0,-10,Rizosphere,no,2018_0_-10,3,DNA
2122_C_2018_P39_N0_B_20180429_CABBI,Corn,2018,39,0,-10,Rizosphere,no,2018_0_-10,3,DNA
2123_C_2018_P39_N0_C_20180429_CABBI,Corn,2018,39,0,-10,Rizosphere,no,2018_0_-10,3,DNA
2124_C_2018_P40_N200_A_20180429_CABBI,Corn,2018,40,200,-10,Rizosphere,no,2018_200_-10,3,DNA
2126_C_2018_P40_N200_C_20180429_CABBI,Corn,2018,40,200,-10,Rizosphere,no,2018_200_-10,3,DNA
2127_C_2018_P43_N200_A_20180429_CABBI,Corn,2018,43,200,-10,Rizosphere,no,2018_200_-10,3,DNA
2128_C_2018_P43_N200_B_20180429_CABBI,Corn,2018,43,200,-10,Rizosphere,no,2018_200_-10,3,DNA
2129_C_2018_P43_N200_C_20180429_CABBI,Corn,2018,43,200,-10,Rizosphere,no,2018_200_-10,3,DNA
2130_C_2018_P44_N0_A_20180429_CABBI,Corn,2018,44,0,-10,Rizosphere,no,2018_0_-10,3,DNA
2131_C_2018_P44_N0_B_20180429_CABBI,Corn,2018,44,0,-10,Rizosphere,no,2018_0_-10,3,DNA
2132_C_2018_P44_N0_C_20180429_CABBI,Corn,2018,44,0,-10,Rizosphere,no,2018_0_-10,3,DNA
2133_C_2018_P45_N300_A_20180429_CABBI,Corn,2018,45,300,-10,Rizosphere,no,2018_300_-10,3,DNA
2134_C_2018_P45_N300_B_20180429_CABBI,Corn,2018,45,300,-10,Rizosphere,no,2018_300_-10,3,DNA
2135_C_2018_P45_N300_C_20180429_CABBI,Corn,2018,45,300,-10,Rizosphere,no,2018_300_-10,3,DNA
2136_M_2017_P46_N0_A_20180429_CABBI,Miscanthus,2017,46,0,-10,Rizosphere,no,2017_0_-10,2,DNA
2137_M_2017_P46_N0_B_20180429_CABBI,Miscanthus,2017,46,0,-10,Rizosphere,no,2017_0_-10,2,DNA
2138_M_2017_P46_N0_C_20180429_CABBI,Miscanthus,2017,46,0,-10,Rizosphere,no,2017_0_-10,2,DNA
2139_M_2017_P48_N400_A_20180429_CABBI,Miscanthus,2017,48,400,-10,Rizosphere,no,2017_400_-10,2,DNA
2140_M_2017_P48_N400_B_20180429_CABBI,Miscanthus,2017,48,400,-10,Rizosphere,no,2017_400_-10,2,DNA
2141_M_2017_P48_N400_C_20180429_CABBI,Miscanthus,2017,48,400,-10,Rizosphere,no,2017_400_-10,2,DNA
2142_M_2017_P50_N200_A_20180429_CABBI,Miscanthus,2017,50,200,-10,Rizosphere,no,2017_200_-10,2,DNA
2143_M_2017_P50_N200_B_20180429_CABBI,Miscanthus,2017,50,200,-10,Rizosphere,no,2017_200_-10,2,DNA
2144_M_2017_P50_N200_C_20180429_CABBI,Miscanthus,2017,50,200,-10,Rizosphere,no,2017_200_-10,2,DNA
2145_M_2015_P53_N400_A_20180429_CABBI,Miscanthus,2015,53,400,-10,Rizosphere,no,2015_400_-10,1,DNA
2146_M_2015_P53_N400_B_20180429_CABBI,Miscanthus,2015,53,400,-10,Rizosphere,no,2015_400_-10,1,DNA
2147_M_2015_P53_N400_C_20180429_CABBI,Miscanthus,2015,53,400,-10,Rizosphere,no,2015_400_-10,1,DNA
2148_M_2015_P54_N200_A_20180429_CABBI,Miscanthus,2015,54,200,-10,Rizosphere,no,2015_200_-10,1,DNA
2149_M_2015_P54_N200_B_20180429_CABBI,Miscanthus,2015,54,200,-10,Rizosphere,no,2015_200_-10,1,DNA
2150_M_2015_P54_N200_C_20180429_CABBI,Miscanthus,2015,54,200,-10,Rizosphere,no,2015_200_-10,1,DNA
2151_M_2015_P55_N0_A_20180429_CABBI,Miscanthus,2015,55,0,-10,Rizosphere,no,2015_0_-10,1,DNA
2152_M_2015_P55_N0_B_20180429_CABBI,Miscanthus,2015,55,0,-10,Rizosphere,no,2015_0_-10,1,DNA
2153_M_2015_P55_N0_C_20180429_CABBI,Miscanthus,2015,55,0,-10,Rizosphere,no,2015_0_-10,1,DNA
2154_M_2016_P56_N0_A_20180429_CABBI,Miscanthus,2016,56,0,-10,Rizosphere,no,2016_0_-10,1,DNA
2155_M_2016_P56_N0_B_20180429_CABBI,Miscanthus,2016,56,0,-10,Rizosphere,no,2016_0_-10,1,DNA
2156_M_2016_P56_N0_C_20180429_CABBI,Miscanthus,2016,56,0,-10,Rizosphere,no,2016_0_-10,1,DNA
2157_M_2016_P58_N400_A_20180429_CABBI,Miscanthus,2016,58,400,-10,Rizosphere,no,2016_400_-10,1,DNA
2158_M_2016_P58_N400_B_20180429_CABBI,Miscanthus,2016,58,400,-10,Rizosphere,no,2016_400_-10,1,DNA
2159_M_2016_P58_N400_C_20180429_CABBI,Miscanthus,2016,58,400,-10,Rizosphere,no,2016_400_-10,1,DNA
2160_M_2016_P60_N200_A_20180429_CABBI,Miscanthus,2016,60,200,-10,Rizosphere,no,2016_200_-10,1,DNA
2161_M_2016_P60_N200_B_20180429_CABBI,Miscanthus,2016,60,200,-10,Rizosphere,no,2016_200_-10,1,DNA
2162_M_2016_P60_N200_C_20180429_CABBI,Miscanthus,2016,60,200,-10,Rizosphere,no,2016_200_-10,1,DNA
3001_C_2018_P3_N300_A_20180514_CABBI,Corn,2018,3,300,5,Rizosphere,yes,2018_300_5,3,DNA
3002_C_2018_P3_N300_B_20180514_CABBI,Corn,2018,3,300,5,Rizosphere,yes,2018_300_5,3,DNA
3003_C_2018_P4_N0_A_20180514_CABBI,Corn,2018,4,0,5,Rizosphere,yes,2018_0_5,3,DNA
3004_C_2018_P4_N0_B_20180514_CABBI,Corn,2018,4,0,5,Rizosphere,yes,2018_0_5,3,DNA
3005_C_2018_P5_N200_A_20180514_CABBI,Corn,2018,5,200,5,Rizosphere,yes,2018_200_5,3,DNA
3006_C_2018_P5_N200_B_20180514_CABBI,Corn,2018,5,200,5,Rizosphere,yes,2018_200_5,3,DNA
3007_C_2018_P6_N300_A_20180514_CABBI,Corn,2018,6,300,5,Rizosphere,yes,2018_300_5,3,DNA
3008_C_2018_P6_N300_B_20180514_CABBI,Corn,2018,6,300,5,Rizosphere,yes,2018_300_5,3,DNA
3009_C_2018_P7_N0_A_20180514_CABBI,Corn,2018,7,0,5,Rizosphere,yes,2018_0_5,3,DNA
3010_C_2018_P7_N0_B_20180514_CABBI,Corn,2018,7,0,5,Rizosphere,yes,2018_0_5,3,DNA
3011_C_2018_P9_N200_A_20180514_CABBI,Corn,2018,9,200,5,Rizosphere,yes,2018_200_5,3,DNA
3012_C_2018_P9_N200_B_20180514_CABBI,Corn,2018,9,200,5,Rizosphere,yes,2018_200_5,3,DNA
3013_C_2018_P12_N200_A_20180514_CABBI,Corn,2018,12,200,5,Rizosphere,yes,2018_200_5,3,DNA
3014_C_2018_P12_N200_B_20180514_CABBI,Corn,2018,12,200,5,Rizosphere,yes,2018_200_5,3,DNA
3015_C_2018_P13_N300_A_20180514_CABBI,Corn,2018,13,300,5,Rizosphere,yes,2018_300_5,3,DNA
3016_C_2018_P13_N300_B_20180514_CABBI,Corn,2018,13,300,5,Rizosphere,yes,2018_300_5,3,DNA
3017_C_2018_P14_N0_A_20180514_CABBI,Corn,2018,14,0,5,Rizosphere,yes,2018_0_5,3,DNA
3018_C_2018_P14_N0_B_20180514_CABBI,Corn,2018,14,0,5,Rizosphere,yes,2018_0_5,3,DNA
3019_M_2015_P3_N400_A_20180514_CABBI,Miscanthus,2015,3,400,5,Rizosphere,yes,2015_400_5,3,DNA
3020_M_2015_P3_N400_B_20180514_CABBI,Miscanthus,2015,3,400,5,Rizosphere,yes,2015_400_5,1,DNA
3021_M_2015_P4_N0_A_20180514_CABBI,Miscanthus,2015,4,0,5,Rizosphere,yes,2015_0_5,1,DNA
3022_M_2015_P4_N0_B_20180514_CABBI,Miscanthus,2015,4,0,5,Rizosphere,yes,2015_0_5,1,DNA
3023_M_2015_P5_N200_A_20180514_CABBI,Miscanthus,2015,5,200,5,Rizosphere,yes,2015_200_5,1,DNA
3024_M_2015_P5_N200_B_20180514_CABBI,Miscanthus,2015,5,200,5,Rizosphere,yes,2015_200_5,1,DNA
3025_M_2016_P6_N400_A_20180514_CABBI,Miscanthus,2016,6,400,5,Rizosphere,yes,2016_400_5,1,DNA
3026_M_2016_P6_N400_B_20180514_CABBI,Miscanthus,2016,6,400,5,Rizosphere,yes,2016_400_5,1,DNA
3027_M_2016_P7_N0_A_20180514_CABBI,Miscanthus,2016,7,0,5,Rizosphere,yes,2016_0_5,1,DNA
3028_M_2016_P7_N0_B_20180514_CABBI,Miscanthus,2016,7,0,5,Rizosphere,yes,2016_0_5,1,DNA
3029_M_2016_P9_N200_A_20180514_CABBI,Miscanthus,2016,9,200,5,Rizosphere,yes,2016_200_5,1,DNA
3030_M_2016_P9_N200_B_20180514_CABBI,Miscanthus,2016,9,200,5,Rizosphere,yes,2016_200_5,1,DNA
3031_M_2017_P12_N200_A_20180514_CABBI,Miscanthus,2017,12,200,5,Rizosphere,yes,2017_200_5,2,DNA
3032_M_2017_P12_N200_B_20180514_CABBI,Miscanthus,2017,12,200,5,Rizosphere,yes,2017_200_5,2,DNA
3033_M_2017_P13_N400_A_20180514_CABBI,Miscanthus,2017,13,400,5,Rizosphere,yes,2017_400_5,2,DNA
3034_M_2017_P13_N400_B_20180514_CABBI,Miscanthus,2017,13,400,5,Rizosphere,yes,2017_400_5,2,DNA
3035_M_2017_P14_N0_A_20180514_CABBI,Miscanthus,2017,14,0,5,Rizosphere,yes,2017_0_5,2,DNA
3036_M_2017_P14_N0_B_20180514_CABBI,Miscanthus,2017,14,0,5,Rizosphere,yes,2017_0_5,2,DNA
3037_M_2016_P17_N400_A_20180514_CABBI,Miscanthus,2016,17,400,5,Rizosphere,yes,2016_400_5,1,DNA
3038_M_2016_P17_N400_B_20180514_CABBI,Miscanthus,2016,17,400,5,Rizosphere,yes,2016_400_5,1,DNA
3039_M_2016_P18_N200_A_20180514_CABBI,Miscanthus,2016,18,200,5,Rizosphere,yes,2016_200_5,1,DNA
3040_M_2016_P18_N200_B_20180514_CABBI,Miscanthus,2016,18,200,5,Rizosphere,yes,2016_200_5,1,DNA
3041_M_2016_P19_N0_A_20180514_CABBI,Miscanthus,2016,19,0,5,Rizosphere,yes,2016_0_5,1,DNA
3042_M_2016_P19_N0_B_20180514_CABBI,Miscanthus,2016,19,0,5,Rizosphere,yes,2016_0_5,1,DNA
3043_M_2017_P22_N400_A_20180514_CABBI,Miscanthus,2017,22,400,5,Rizosphere,yes,2017_400_5,2,DNA
3044_M_2017_P22_N400_B_20180514_CABBI,Miscanthus,2017,22,400,5,Rizosphere,yes,2017_400_5,2,DNA
3045_M_2017_P24_N0_A_20180514_CABBI,Miscanthus,2017,24,0,5,Rizosphere,yes,2017_0_5,2,DNA
3046_M_2017_P24_N0_B_20180514_CABBI,Miscanthus,2017,24,0,5,Rizosphere,yes,2017_0_5,2,DNA
3047_M_2017_P25_N200_A_20180514_CABBI,Miscanthus,2017,25,200,5,Rizosphere,yes,2017_200_5,2,DNA
3048_M_2017_P25_N200_B_20180514_CABBI,Miscanthus,2017,25,200,5,Rizosphere,yes,2017_200_5,2,DNA
3049_M_2015_P27_N400_A_20180514_CABBI,Miscanthus,2015,27,400,5,Rizosphere,yes,2015_400_5,1,DNA
3050_M_2015_P27_N400_B_20180514_CABBI,Miscanthus,2015,27,400,5,Rizosphere,yes,2015_400_5,1,DNA
3051_M_2015_P28_N0_A_20180514_CABBI,Miscanthus,2015,28,0,5,Rizosphere,yes,2015_0_5,1,DNA
3052_M_2015_P28_N0_B_20180514_CABBI,Miscanthus,2015,28,0,5,Rizosphere,yes,2015_0_5,1,DNA
3053_M_2015_P30_N200_A_20180514_CABBI,Miscanthus,2015,30,200,5,Rizosphere,yes,2015_200_5,1,DNA
3054_M_2015_P30_N200_B_20180514_CABBI,Miscanthus,2015,30,200,5,Rizosphere,yes,2015_200_5,1,DNA
3055_M_2017_P33_N200_A_20180514_CABBI,Miscanthus,2017,33,200,5,Rizosphere,yes,2017_200_5,2,DNA
3056_M_2017_P33_N200_B_20180514_CABBI,Miscanthus,2017,33,200,5,Rizosphere,yes,2017_200_5,2,DNA
3057_M_2017_P34_N400_A_20180514_CABBI,Miscanthus,2017,34,400,5,Rizosphere,yes,2017_400_5,2,DNA
3058_M_2017_P34_N400_B_20180514_CABBI,Miscanthus,2017,34,400,5,Rizosphere,yes,2017_400_5,2,DNA
3059_M_2017_P35_N0_A_20180514_CABBI,Miscanthus,2017,35,0,5,Rizosphere,yes,2017_0_5,2,DNA
3060_M_2017_P35_N0_B_20180514_CABBI,Miscanthus,2017,35,0,5,Rizosphere,yes,2017_0_5,2,DNA
3061_M_2016_P37_N400_A_20180514_CABBI,Miscanthus,2016,37,400,5,Rizosphere,yes,2016_400_5,1,DNA
3062_M_2016_P37_N400_B_20180514_CABBI,Miscanthus,2016,37,400,5,Rizosphere,yes,2016_400_5,1,DNA
3063_M_2016_P39_N0_A_20180514_CABBI,Miscanthus,2016,39,0,5,Rizosphere,yes,2016_0_5,1,DNA
3064_M_2016_P39_N0_B_20180514_CABBI,Miscanthus,2016,39,0,5,Rizosphere,yes,2016_0_5,1,DNA
3065_M_2016_P40_N200_A_20180514_CABBI,Miscanthus,2016,40,200,5,Rizosphere,yes,2016_200_5,1,DNA
3066_M_2016_P40_N200_B_20180514_CABBI,Miscanthus,2016,40,200,5,Rizosphere,yes,2016_200_5,1,DNA
3067_M_2015_P43_N200_A_20180514_CABBI,Miscanthus,2015,43,200,5,Rizosphere,yes,2015_200_5,1,DNA
3068_M_2015_P43_N200_B_20180514_CABBI,Miscanthus,2015,43,200,5,Rizosphere,yes,2015_200_5,1,DNA
3069_M_2015_P44_N0_A_20180514_CABBI,Miscanthus,2015,44,0,5,Rizosphere,yes,2015_0_5,1,DNA
3070_M_2015_P44_N0_B_20180514_CABBI,Miscanthus,2015,44,0,5,Rizosphere,yes,2015_0_5,1,DNA
3071_M_2015_P45_N400_A_20180514_CABBI,Miscanthus,2015,45,400,5,Rizosphere,yes,2015_400_5,1,DNA
3072_M_2015_P45_N400_B_20180514_CABBI,Miscanthus,2015,45,400,5,Rizosphere,yes,2015_400_5,1,DNA
3073_C_2018_P33_N200_A_20180514_CABBI,Corn,2018,33,200,5,Rizosphere,yes,2018_200_5,3,DNA
3074_C_2018_P33_N200_B_20180514_CABBI,Corn,2018,33,200,5,Rizosphere,yes,2018_200_5,3,DNA
3075_C_2018_P34_N300_A_20180514_CABBI,Corn,2018,34,300,5,Rizosphere,yes,2018_300_5,3,DNA
3076_C_2018_P34_N300_B_20180514_CABBI,Corn,2018,34,300,5,Rizosphere,yes,2018_300_5,3,DNA
3077_C_2018_P35_N0_A_20180514_CABBI,Corn,2018,35,0,5,Rizosphere,yes,2018_0_5,3,DNA
3078_C_2018_P35_N0_B_20180514_CABBI,Corn,2018,35,0,5,Rizosphere,yes,2018_0_5,3,DNA
3079_C_2018_P37_N300_A_20180514_CABBI,Corn,2018,37,300,5,Rizosphere,yes,2018_300_5,3,DNA
3080_C_2018_P37_N300_B_20180514_CABBI,Corn,2018,37,300,5,Rizosphere,yes,2018_300_5,3,DNA
3081_C_2018_P39_N0_A_20180514_CABBI,Corn,2018,39,0,5,Rizosphere,yes,2018_0_5,3,DNA
3082_C_2018_P39_N0_B_20180514_CABBI,Corn,2018,39,0,5,Rizosphere,yes,2018_0_5,3,DNA
3083_C_2018_P40_N200_A_20180514_CABBI,Corn,2018,40,200,5,Rizosphere,yes,2018_200_5,3,DNA
3084_C_2018_P40_N200_B_20180514_CABBI,Corn,2018,40,200,5,Rizosphere,yes,2018_200_5,3,DNA
3085_C_2018_P43_N200_A_20180514_CABBI,Corn,2018,43,200,5,Rizosphere,yes,2018_200_5,3,DNA
3086_C_2018_P43_N200_B_20180514_CABBI,Corn,2018,43,200,5,Rizosphere,yes,2018_200_5,3,DNA
3087_C_2018_P44_N0_A_20180514_CABBI,Corn,2018,44,0,5,Rizosphere,yes,2018_0_5,3,DNA
3088_C_2018_P44_N0_B_20180514_CABBI,Corn,2018,44,0,5,Rizosphere,yes,2018_0_5,3,DNA
3089_C_2018_P45_N300_A_20180514_CABBI,Corn,2018,45,300,5,Rizosphere,yes,2018_300_5,3,DNA
3090_C_2018_P45_N300_B_20180514_CABBI,Corn,2018,45,300,5,Rizosphere,yes,2018_300_5,3,DNA
3091_M_2017_P46_N0_A_20180514_CABBI,Miscanthus,2017,46,0,5,Rizosphere,yes,2017_0_5,2,DNA
3092_M_2017_P46_N0_B_20180514_CABBI,Miscanthus,2017,46,0,5,Rizosphere,yes,2017_0_5,2,DNA
3093_M_2017_P48_N400_A_20180514_CABBI,Miscanthus,2017,48,400,5,Rizosphere,yes,2017_400_5,2,DNA
3094_M_2017_P48_N400_B_20180514_CABBI,Miscanthus,2017,48,400,5,Rizosphere,yes,2017_400_5,2,DNA
3095_M_2017_P50_N200_A_20180514_CABBI,Miscanthus,2017,50,200,5,Rizosphere,yes,2017_200_5,2,DNA
3096_M_2017_P50_N200_B_20180514_CABBI,Miscanthus,2017,50,200,5,Rizosphere,yes,2017_200_5,2,DNA
3097_M_2015_P53_N400_A_20180514_CABBI,Miscanthus,2015,53,400,5,Rizosphere,yes,2015_400_5,1,DNA
3098_M_2015_P53_N400_B_20180514_CABBI,Miscanthus,2015,53,400,5,Rizosphere,yes,2015_400_5,1,DNA
3099_M_2015_P54_N200_A_20180514_CABBI,Miscanthus,2015,54,200,5,Rizosphere,yes,2015_200_5,1,DNA
3100_M_2015_P54_N200_B_20180514_CABBI,Miscanthus,2015,54,200,5,Rizosphere,yes,2015_200_5,1,DNA
3101_M_2015_P55_N0_A_20180514_CABBI,Miscanthus,2015,55,0,5,Rizosphere,yes,2015_0_5,1,DNA
3102_M_2015_P55_N0_B_20180514_CABBI,Miscanthus,2015,55,0,5,Rizosphere,yes,2015_0_5,1,DNA
3103_M_2016_P56_N0_A_20180514_CABBI,Miscanthus,2016,56,0,5,Rizosphere,yes,2016_0_5,1,DNA
3104_M_2016_P56_N0_B_20180514_CABBI,Miscanthus,2016,56,0,5,Rizosphere,yes,2016_0_5,1,DNA
3105_M_2016_P58_N400_A_20180514_CABBI,Miscanthus,2016,58,400,5,Rizosphere,yes,2016_400_5,1,DNA
3106_M_2016_P58_N400_B_20180514_CABBI,Miscanthus,2016,58,400,5,Rizosphere,yes,2016_400_5,1,DNA
3107_M_2016_P60_N200_A_20180514_CABBI,Miscanthus,2016,60,200,5,Rizosphere,yes,2016_200_5,1,DNA
3108_M_2016_P60_N200_B_20180514_CABBI,Miscanthus,2016,60,200,5,Rizosphere,yes,2016_200_5,1,DNA
4001_C_2018_P3_N300_A_20180530_CABBI,Corn,2018,3,300,21,Rizosphere,yes,2018_300_21,3,DNA
4002_C_2018_P3_N300_B_20180530_CABBI,Corn,2018,3,300,21,Rizosphere,yes,2018_300_21,3,DNA
4003_C_2018_P4_N0_A_20180530_CABBI,Corn,2018,4,0,21,Rizosphere,yes,2018_0_21,3,DNA
4004_C_2018_P4_N0_B_20180530_CABBI,Corn,2018,4,0,21,Rizosphere,yes,2018_0_21,3,DNA
4005_C_2018_P5_N200_A_20180530_CABBI,Corn,2018,5,200,21,Rizosphere,yes,2018_200_21,3,DNA
4006_C_2018_P5_N200_B_20180530_CABBI,Corn,2018,5,200,21,Rizosphere,yes,2018_200_21,3,DNA
4007_C_2018_P6_N300_A_20180530_CABBI,Corn,2018,6,300,21,Rizosphere,yes,2018_300_21,3,DNA
4008_C_2018_P6_N300_B_20180530_CABBI,Corn,2018,6,300,21,Rizosphere,yes,2018_300_21,3,DNA
4009_C_2018_P7_N0_A_20180530_CABBI,Corn,2018,7,0,21,Rizosphere,yes,2018_0_21,3,DNA
4010_C_2018_P7_N0_B_20180530_CABBI,Corn,2018,7,0,21,Rizosphere,yes,2018_0_21,3,DNA
4011_C_2018_P9_N200_A_20180530_CABBI,Corn,2018,9,200,21,Rizosphere,yes,2018_200_21,3,DNA
4012_C_2018_P9_N200_B_20180530_CABBI,Corn,2018,9,200,21,Rizosphere,yes,2018_200_21,3,DNA
4013_C_2018_P12_N200_A_20180530_CABBI,Corn,2018,12,200,21,Rizosphere,yes,2018_200_21,3,DNA
4014_C_2018_P12_N200_B_20180530_CABBI,Corn,2018,12,200,21,Rizosphere,yes,2018_200_21,3,DNA
4015_C_2018_P13_N300_A_20180530_CABBI,Corn,2018,13,300,21,Rizosphere,yes,2018_300_21,3,DNA
4016_C_2018_P13_N300_B_20180530_CABBI,Corn,2018,13,300,21,Rizosphere,yes,2018_300_21,3,DNA
4017_C_2018_P14_N0_A_20180530_CABBI,Corn,2018,14,0,21,Rizosphere,yes,2018_0_21,3,DNA
4018_C_2018_P14_N0_B_20180530_CABBI,Corn,2018,14,0,21,Rizosphere,yes,2018_0_21,3,DNA
4019_M_2015_P3_N400_A_20180530_CABBI,Miscanthus,2015,3,400,21,Rizosphere,yes,2015_400_21,1,DNA
4020_M_2015_P3_N400_B_20180530_CABBI,Miscanthus,2015,3,400,21,Rizosphere,yes,2015_400_21,1,DNA
4021_M_2015_P4_N0_A_20180530_CABBI,Miscanthus,2015,4,0,21,Rizosphere,yes,2015_0_21,1,DNA
4022_M_2015_P4_N0_B_20180530_CABBI,Miscanthus,2015,4,0,21,Rizosphere,yes,2015_0_21,1,DNA
4023_M_2015_P5_N200_A_20180530_CABBI,Miscanthus,2015,5,200,21,Rizosphere,yes,2015_200_21,1,DNA
4024_M_2015_P5_N200_B_20180530_CABBI,Miscanthus,2015,5,200,21,Rizosphere,yes,2015_200_21,1,DNA
4025_M_2016_P6_N400_A_20180530_CABBI,Miscanthus,2016,6,400,21,Rizosphere,yes,2016_400_21,1,DNA
4026_M_2016_P6_N400_B_20180530_CABBI,Miscanthus,2016,6,400,21,Rizosphere,yes,2016_400_21,1,DNA
4027_M_2016_P7_N0_A_20180530_CABBI,Miscanthus,2016,7,0,21,Rizosphere,yes,2016_0_21,1,DNA
4028_M_2016_P7_N0_B_20180530_CABBI,Miscanthus,2016,7,0,21,Rizosphere,yes,2016_0_21,1,DNA
4029_M_2016_P9_N200_A_20180530_CABBI,Miscanthus,2016,9,200,21,Rizosphere,yes,2016_200_21,1,DNA
4030_M_2016_P9_N200_B_20180530_CABBI,Miscanthus,2016,9,200,21,Rizosphere,yes,2016_200_21,1,DNA
4031_M_2017_P12_N200_A_20180530_CABBI,Miscanthus,2017,12,200,21,Rizosphere,yes,2017_200_21,2,DNA
4032_M_2017_P12_N200_B_20180530_CABBI,Miscanthus,2017,12,200,21,Rizosphere,yes,2017_200_21,2,DNA
4033_M_2017_P13_N400_A_20180530_CABBI,Miscanthus,2017,13,400,21,Rizosphere,yes,2017_400_21,2,DNA
4034_M_2017_P13_N400_B_20180530_CABBI,Miscanthus,2017,13,400,21,Rizosphere,yes,2017_400_21,2,DNA
4035_M_2017_P14_N0_A_20180530_CABBI,Miscanthus,2017,14,0,21,Rizosphere,yes,2017_0_21,2,DNA
4036_M_2017_P14_N0_B_20180530_CABBI,Miscanthus,2017,14,0,21,Rizosphere,yes,2017_0_21,2,DNA
4037_M_2016_P17_N400_A_20180530_CABBI,Miscanthus,2016,17,400,21,Rizosphere,yes,2016_400_21,1,DNA
4038_M_2016_P17_N400_B_20180530_CABBI,Miscanthus,2016,17,400,21,Rizosphere,yes,2016_400_21,1,DNA
4039_M_2016_P18_N200_A_20180530_CABBI,Miscanthus,2016,18,200,21,Rizosphere,yes,2016_200_21,1,DNA
4040_M_2016_P18_N200_B_20180530_CABBI,Miscanthus,2016,18,200,21,Rizosphere,yes,2016_200_21,1,DNA
4041_M_2016_P19_N0_A_20180530_CABBI,Miscanthus,2016,19,0,21,Rizosphere,yes,2016_0_21,1,DNA
4042_M_2016_P19_N0_B_20180530_CABBI,Miscanthus,2016,19,0,21,Rizosphere,yes,2016_0_21,1,DNA
4043_M_2017_P22_N400_A_20180530_CABBI,Miscanthus,2017,22,400,21,Rizosphere,yes,2017_400_21,2,DNA
4044_M_2017_P22_N400_B_20180530_CABBI,Miscanthus,2017,22,400,21,Rizosphere,yes,2017_400_21,2,DNA
4045_M_2017_P24_N0_A_20180530_CABBI,Miscanthus,2017,24,0,21,Rizosphere,yes,2017_0_21,2,DNA
4046_M_2017_P24_N0_B_20180530_CABBI,Miscanthus,2017,24,0,21,Rizosphere,yes,2017_0_21,2,DNA
4047_M_2017_P25_N200_A_20180530_CABBI,Miscanthus,2017,25,200,21,Rizosphere,yes,2017_200_21,2,DNA
4048_M_2017_P25_N200_B_20180530_CABBI,Miscanthus,2017,25,200,21,Rizosphere,yes,2017_200_21,2,DNA
4049_M_2015_P27_N400_A_20180530_CABBI,Miscanthus,2015,27,400,21,Rizosphere,yes,2015_400_21,1,DNA
4050_M_2015_P27_N400_B_20180530_CABBI,Miscanthus,2015,27,400,21,Rizosphere,yes,2015_400_21,1,DNA
4051_M_2015_P28_N0_A_20180530_CABBI,Miscanthus,2015,28,0,21,Rizosphere,yes,2015_0_21,1,DNA
4052_M_2015_P28_N0_B_20180530_CABBI,Miscanthus,2015,28,0,21,Rizosphere,yes,2015_0_21,1,DNA
4053_M_2015_P30_N200_A_20180530_CABBI,Miscanthus,2015,30,200,21,Rizosphere,yes,2015_200_21,1,DNA
4054_M_2015_P30_N200_B_20180530_CABBI,Miscanthus,2015,30,200,21,Rizosphere,yes,2015_200_21,1,DNA
4055_M_2017_P33_N200_A_20180530_CABBI,Miscanthus,2017,33,200,21,Rizosphere,yes,2017_200_21,2,DNA
4056_M_2017_P33_N200_B_20180530_CABBI,Miscanthus,2017,33,200,21,Rizosphere,yes,2017_200_21,2,DNA
4057_M_2017_P34_N400_A_20180530_CABBI,Miscanthus,2017,34,400,21,Rizosphere,yes,2017_400_21,2,DNA
4058_M_2017_P34_N400_B_20180530_CABBI,Miscanthus,2017,34,400,21,Rizosphere,yes,2017_400_21,2,DNA
4059_M_2017_P35_N0_A_20180530_CABBI,Miscanthus,2017,35,0,21,Rizosphere,yes,2017_0_21,2,DNA
4060_M_2017_P35_N0_B_20180530_CABBI,Miscanthus,2017,35,0,21,Rizosphere,yes,2017_0_21,2,DNA
4061_M_2016_P37_N400_A_20180530_CABBI,Miscanthus,2016,37,400,21,Rizosphere,yes,2016_400_21,1,DNA
4062_M_2016_P37_N400_B_20180530_CABBI,Miscanthus,2016,37,400,21,Rizosphere,yes,2016_400_21,1,DNA
4063_M_2016_P39_N0_A_20180530_CABBI,Miscanthus,2016,39,0,21,Rizosphere,yes,2016_0_21,1,DNA
4064_M_2016_P39_N0_B_20180530_CABBI,Miscanthus,2016,39,0,21,Rizosphere,yes,2016_0_21,1,DNA
4065_M_2016_P40_N200_A_20180530_CABBI,Miscanthus,2016,40,200,21,Rizosphere,yes,2016_200_21,1,DNA
4066_M_2016_P40_N200_B_20180530_CABBI,Miscanthus,2016,40,200,21,Rizosphere,yes,2016_200_21,1,DNA
4067_M_2015_P43_N200_A_20180530_CABBI,Miscanthus,2015,43,200,21,Rizosphere,yes,2015_200_21,1,DNA
4068_M_2015_P43_N200_B_20180530_CABBI,Miscanthus,2015,43,200,21,Rizosphere,yes,2015_200_21,1,DNA
4069_M_2015_P44_N0_A_20180530_CABBI,Miscanthus,2015,44,0,21,Rizosphere,yes,2015_0_21,1,DNA
4070_M_2015_P44_N0_B_20180530_CABBI,Miscanthus,2015,44,0,21,Rizosphere,yes,2015_0_21,1,DNA
4071_M_2015_P45_N400_A_20180530_CABBI,Miscanthus,2015,45,400,21,Rizosphere,yes,2015_400_21,1,DNA
4072_M_2015_P45_N400_B_20180530_CABBI,Miscanthus,2015,45,400,21,Rizosphere,yes,2015_400_21,1,DNA
4073_C_2018_P33_N200_A_20180530_CABBI,Corn,2018,33,200,21,Rizosphere,yes,2018_200_21,3,DNA
4074_C_2018_P33_N200_B_20180530_CABBI,Corn,2018,33,200,21,Rizosphere,yes,2018_200_21,3,DNA
4075_C_2018_P34_N300_A_20180530_CABBI,Corn,2018,34,300,21,Rizosphere,yes,2018_300_21,3,DNA
4076_C_2018_P34_N300_B_20180530_CABBI,Corn,2018,34,300,21,Rizosphere,yes,2018_300_21,3,DNA
4077_C_2018_P35_N0_A_20180530_CABBI,Corn,2018,35,0,21,Rizosphere,yes,2018_0_21,3,DNA
4078_C_2018_P35_N0_B_20180530_CABBI,Corn,2018,35,0,21,Rizosphere,yes,2018_0_21,3,DNA
4079_C_2018_P37_N300_A_20180530_CABBI,Corn,2018,37,300,21,Rizosphere,yes,2018_300_21,3,DNA
4080_C_2018_P37_N300_B_20180530_CABBI,Corn,2018,37,300,21,Rizosphere,yes,2018_300_21,3,DNA
4081_C_2018_P39_N0_A_20180530_CABBI,Corn,2018,39,0,21,Rizosphere,yes,2018_0_21,3,DNA
4082_C_2018_P39_N0_B_20180530_CABBI,Corn,2018,39,0,21,Rizosphere,yes,2018_0_21,3,DNA
4083_C_2018_P40_N200_A_20180530_CABBI,Corn,2018,40,200,21,Rizosphere,yes,2018_200_21,3,DNA
4084_C_2018_P40_N200_B_20180530_CABBI,Corn,2018,40,200,21,Rizosphere,yes,2018_200_21,3,DNA
4085_C_2018_P43_N200_A_20180530_CABBI,Corn,2018,43,200,21,Rizosphere,yes,2018_200_21,3,DNA
4086_C_2018_P43_N200_B_20180530_CABBI,Corn,2018,43,200,21,Rizosphere,yes,2018_200_21,3,DNA
4087_C_2018_P44_N0_A_20180530_CABBI,Corn,2018,44,0,21,Rizosphere,yes,2018_0_21,3,DNA
4088_C_2018_P44_N0_B_20180530_CABBI,Corn,2018,44,0,21,Rizosphere,yes,2018_0_21,3,DNA
4089_C_2018_P45_N300_A_20180530_CABBI,Corn,2018,45,300,21,Rizosphere,yes,2018_300_21,3,DNA
4090_C_2018_P45_N300_B_20180530_CABBI,Corn,2018,45,300,21,Rizosphere,yes,2018_300_21,3,DNA
4091_M_2017_P46_N0_A_20180530_CABBI,Miscanthus,2017,46,0,21,Rizosphere,yes,2017_0_21,2,DNA
4092_M_2017_P46_N0_B_20180530_CABBI,Miscanthus,2017,46,0,21,Rizosphere,yes,2017_0_21,2,DNA
4093_M_2017_P48_N400_A_20180530_CABBI,Miscanthus,2017,48,400,21,Rizosphere,yes,2017_400_21,2,DNA
4094_M_2017_P48_N400_B_20180530_CABBI,Miscanthus,2017,48,400,21,Rizosphere,yes,2017_400_21,2,DNA
4095_M_2017_P50_N200_A_20180530_CABBI,Miscanthus,2017,50,200,21,Rizosphere,yes,2017_200_21,2,DNA
4096_M_2017_P50_N200_B_20180530_CABBI,Miscanthus,2017,50,200,21,Rizosphere,yes,2017_200_21,2,DNA
4097_M_2015_P53_N400_A_20180530_CABBI,Miscanthus,2015,53,400,21,Rizosphere,yes,2015_400_21,1,DNA
4098_M_2015_P53_N400_B_20180530_CABBI,Miscanthus,2015,53,400,21,Rizosphere,yes,2015_400_21,1,DNA
4099_M_2015_P54_N200_A_20180530_CABBI,Miscanthus,2015,54,200,21,Rizosphere,yes,2015_200_21,1,DNA
4100_M_2015_P54_N200_B_20180530_CABBI,Miscanthus,2015,54,200,21,Rizosphere,yes,2015_200_21,1,DNA
4101_M_2015_P55_N0_A_20180530_CABBI,Miscanthus,2015,55,0,21,Rizosphere,yes,2015_0_21,1,DNA
4102_M_2015_P55_N0_B_20180530_CABBI,Miscanthus,2015,55,0,21,Rizosphere,yes,2015_0_21,1,DNA
4103_M_2016_P56_N0_A_20180530_CABBI,Miscanthus,2016,56,0,21,Rizosphere,yes,2016_0_21,1,DNA
4104_M_2016_P56_N0_B_20180530_CABBI,Miscanthus,2016,56,0,21,Rizosphere,yes,2016_0_21,1,DNA
4105_M_2016_P58_N400_A_20180530_CABBI,Miscanthus,2016,58,400,21,Rizosphere,yes,2016_400_21,1,DNA
4106_M_2016_P58_N400_B_20180530_CABBI,Miscanthus,2016,58,400,21,Rizosphere,yes,2016_400_21,1,DNA
4107_M_2016_P60_N200_A_20180530_CABBI,Miscanthus,2016,60,200,21,Rizosphere,yes,2016_200_21,1,DNA
4108_M_2016_P60_N200_B_20180530_CABBI,Miscanthus,2016,60,200,21,Rizosphere,yes,2016_200_21,1,DNA
5001_C_2018_P3_N300_A_20180703_CABBI,Corn,2018,3,300,69,Rizosphere,yes,2018_300_69,3,DNA
5002_C_2018_P3_N300_B_20180703_CABBI,Corn,2018,3,300,69,Rizosphere,yes,2018_300_69,3,DNA
5003_C_2018_P4_N0_A_20180703_CABBI,Corn,2018,4,0,69,Rizosphere,yes,2018_0_69,3,DNA
5004_C_2018_P4_N0_B_20180703_CABBI,Corn,2018,4,0,69,Rizosphere,yes,2018_0_69,3,DNA
5005_C_2018_P5_N200_A_20180703_CABBI,Corn,2018,5,200,69,Rizosphere,yes,2018_200_69,3,DNA
5006_C_2018_P5_N200_B_20180703_CABBI,Corn,2018,5,200,69,Rizosphere,yes,2018_200_69,3,DNA
5007_C_2018_P6_N300_A_20180703_CABBI,Corn,2018,6,300,69,Rizosphere,yes,2018_300_69,3,DNA
5008_C_2018_P6_N300_B_20180703_CABBI,Corn,2018,6,300,69,Rizosphere,yes,2018_300_69,3,DNA
5009_C_2018_P7_N0_A_20180703_CABBI,Corn,2018,7,0,69,Rizosphere,yes,2018_0_69,3,DNA
5010_C_2018_P7_N0_B_20180703_CABBI,Corn,2018,7,0,69,Rizosphere,yes,2018_0_69,3,DNA
5011_C_2018_P9_N200_A_20180703_CABBI,Corn,2018,9,200,69,Rizosphere,yes,2018_200_69,3,DNA
5012_C_2018_P9_N200_B_20180703_CABBI,Corn,2018,9,200,69,Rizosphere,yes,2018_200_69,3,DNA
5013_C_2018_P12_N200_A_20180703_CABBI,Corn,2018,12,200,69,Rizosphere,yes,2018_200_69,3,DNA
5015_C_2018_P13_N300_A_20180703_CABBI,Corn,2018,13,300,69,Rizosphere,yes,2018_300_69,3,DNA
5016_C_2018_P13_N300_B_20180703_CABBI,Corn,2018,13,300,69,Rizosphere,yes,2018_300_69,3,DNA
5017_C_2018_P14_N0_A_20180703_CABBI,Corn,2018,14,0,69,Rizosphere,yes,2018_0_69,3,DNA
5018_C_2018_P14_N0_B_20180703_CABBI,Corn,2018,14,0,69,Rizosphere,yes,2018_0_69,3,DNA
5019_M_2015_P3_N400_A_20180703_CABBI,Miscanthus,2015,3,400,69,Rizosphere,yes,2015_400_69,1,DNA
5020_M_2015_P3_N400_B_20180703_CABBI,Miscanthus,2015,3,400,69,Rizosphere,yes,2015_400_69,1,DNA
5021_M_2015_P4_N0_A_20180703_CABBI,Miscanthus,2015,4,0,69,Rizosphere,yes,2015_0_69,1,DNA
5022_M_2015_P4_N0_B_20180703_CABBI,Miscanthus,2015,4,0,69,Rizosphere,yes,2015_0_69,1,DNA
5023_M_2015_P5_N200_A_20180703_CABBI,Miscanthus,2015,5,200,69,Rizosphere,yes,2015_200_69,1,DNA
5024_M_2015_P5_N200_B_20180703_CABBI,Miscanthus,2015,5,200,69,Rizosphere,yes,2015_200_69,1,DNA
5025_M_2016_P6_N400_A_20180703_CABBI,Miscanthus,2016,6,400,69,Rizosphere,yes,2016_400_69,1,DNA
5026_M_2016_P6_N400_B_20180703_CABBI,Miscanthus,2016,6,400,69,Rizosphere,yes,2016_400_69,1,DNA
5027_M_2016_P7_N0_A_20180703_CABBI,Miscanthus,2016,7,0,69,Rizosphere,yes,2016_0_69,1,DNA
5028_M_2016_P7_N0_B_20180703_CABBI,Miscanthus,2016,7,0,69,Rizosphere,yes,2016_0_69,1,DNA
5029_M_2016_P9_N200_A_20180703_CABBI,Miscanthus,2016,9,200,69,Rizosphere,yes,2016_200_69,1,DNA
5030_M_2016_P9_N200_B_20180703_CABBI,Miscanthus,2016,9,200,69,Rizosphere,yes,2016_200_69,1,DNA
5031_M_2017_P12_N200_A_20180703_CABBI,Miscanthus,2017,12,200,69,Rizosphere,yes,2017_200_69,2,DNA
5032_M_2017_P12_N200_B_20180703_CABBI,Miscanthus,2017,12,200,69,Rizosphere,yes,2017_200_69,2,DNA
5033_M_2017_P13_N400_A_20180703_CABBI,Miscanthus,2017,13,400,69,Rizosphere,yes,2017_400_69,2,DNA
5034_M_2017_P13_N400_B_20180703_CABBI,Miscanthus,2017,13,400,69,Rizosphere,yes,2017_400_69,2,DNA
5035_M_2017_P14_N0_A_20180703_CABBI,Miscanthus,2017,14,0,69,Rizosphere,yes,2017_0_69,2,DNA
5036_M_2017_P14_N0_B_20180703_CABBI,Miscanthus,2017,14,0,69,Rizosphere,yes,2017_0_69,2,DNA
5037_M_2016_P17_N400_A_20180703_CABBI,Miscanthus,2016,17,400,69,Rizosphere,yes,2016_400_69,1,DNA
5038_M_2016_P17_N400_B_20180703_CABBI,Miscanthus,2016,17,400,69,Rizosphere,yes,2016_400_69,1,DNA
5039_M_2016_P18_N200_A_20180703_CABBI,Miscanthus,2016,18,200,69,Rizosphere,yes,2016_200_69,1,DNA
5040_M_2016_P18_N200_B_20180703_CABBI,Miscanthus,2016,18,200,69,Rizosphere,yes,2016_200_69,1,DNA
5041_M_2016_P19_N0_A_20180703_CABBI,Miscanthus,2016,19,0,69,Rizosphere,yes,2016_0_69,1,DNA
5042_M_2016_P19_N0_B_20180703_CABBI,Miscanthus,2016,19,0,69,Rizosphere,yes,2016_0_69,1,DNA
5043_M_2017_P22_N400_A_20180703_CABBI,Miscanthus,2017,22,400,69,Rizosphere,yes,2017_400_69,2,DNA
5044_M_2017_P22_N400_B_20180703_CABBI,Miscanthus,2017,22,400,69,Rizosphere,yes,2017_400_69,2,DNA
5045_M_2017_P24_N0_A_20180703_CABBI,Miscanthus,2017,24,0,69,Rizosphere,yes,2017_0_69,2,DNA
5046_M_2017_P24_N0_B_20180703_CABBI,Miscanthus,2017,24,0,69,Rizosphere,yes,2017_0_69,2,DNA
5047_M_2017_P25_N200_A_20180703_CABBI,Miscanthus,2017,25,200,69,Rizosphere,yes,2017_200_69,2,DNA
5048_M_2017_P25_N200_B_20180703_CABBI,Miscanthus,2017,25,200,69,Rizosphere,yes,2017_200_69,2,DNA
5049_M_2015_P27_N400_A_20180703_CABBI,Miscanthus,2015,27,400,69,Rizosphere,yes,2015_400_69,1,DNA
5050_M_2015_P27_N400_B_20180703_CABBI,Miscanthus,2015,27,400,69,Rizosphere,yes,2015_400_69,1,DNA
5051_M_2015_P28_N0_A_20180703_CABBI,Miscanthus,2015,28,0,69,Rizosphere,yes,2015_0_69,1,DNA
5052_M_2015_P28_N0_B_20180703_CABBI,Miscanthus,2015,28,0,69,Rizosphere,yes,2015_0_69,1,DNA
5053_M_2015_P30_N200_A_20180703_CABBI,Miscanthus,2015,30,200,69,Rizosphere,yes,2015_200_69,1,DNA
5054_M_2015_P30_N200_B_20180703_CABBI,Miscanthus,2015,30,200,69,Rizosphere,yes,2015_200_69,1,DNA
5055_M_2017_P33_N200_A_20180703_CABBI,Miscanthus,2017,33,200,69,Rizosphere,yes,2017_200_69,2,DNA
5056_M_2017_P33_N200_B_20180703_CABBI,Miscanthus,2017,33,200,69,Rizosphere,yes,2017_200_69,2,DNA
5057_M_2017_P34_N400_A_20180703_CABBI,Miscanthus,2017,34,400,69,Rizosphere,yes,2017_400_69,2,DNA
5058_M_2017_P34_N400_B_20180703_CABBI,Miscanthus,2017,34,400,69,Rizosphere,yes,2017_400_69,2,DNA
5059_M_2017_P35_N0_A_20180703_CABBI,Miscanthus,2017,35,0,69,Rizosphere,yes,2017_0_69,2,DNA
5060_M_2017_P35_N0_B_20180703_CABBI,Miscanthus,2017,35,0,69,Rizosphere,yes,2017_0_69,2,DNA
5061_M_2016_P37_N400_A_20180703_CABBI,Miscanthus,2016,37,400,69,Rizosphere,yes,2016_400_69,1,DNA
5062_M_2016_P37_N400_B_20180703_CABBI,Miscanthus,2016,37,400,69,Rizosphere,yes,2016_400_69,1,DNA
5063_M_2016_P39_N0_A_20180703_CABBI,Miscanthus,2016,39,0,69,Rizosphere,yes,2016_0_69,1,DNA
5064_M_2016_P39_N0_B_20180703_CABBI,Miscanthus,2016,39,0,69,Rizosphere,yes,2016_0_69,1,DNA
5065_M_2016_P40_N200_A_20180703_CABBI,Miscanthus,2016,40,200,69,Rizosphere,yes,2016_200_69,1,DNA
5066_M_2016_P40_N200_B_20180703_CABBI,Miscanthus,2016,40,200,69,Rizosphere,yes,2016_200_69,1,DNA
5067_M_2015_P43_N200_A_20180703_CABBI,Miscanthus,2015,43,200,69,Rizosphere,yes,2015_200_69,1,DNA
5068_M_2015_P43_N200_B_20180703_CABBI,Miscanthus,2015,43,200,69,Rizosphere,yes,2015_200_69,1,DNA
5069_M_2015_P44_N0_A_20180703_CABBI,Miscanthus,2015,44,0,69,Rizosphere,yes,2015_0_69,1,DNA
5070_M_2015_P44_N0_B_20180703_CABBI,Miscanthus,2015,44,0,69,Rizosphere,yes,2015_0_69,1,DNA
5071_M_2015_P45_N400_A_20180703_CABBI,Miscanthus,2015,45,400,69,Rizosphere,yes,2015_400_69,1,DNA
5072_M_2015_P45_N400_B_20180703_CABBI,Miscanthus,2015,45,400,69,Rizosphere,yes,2015_400_69,1,DNA
5073_C_2018_P33_N200_A_20180703_CABBI,Corn,2018,33,200,69,Rizosphere,yes,2018_200_69,3,DNA
5074_C_2018_P33_N200_B_20180703_CABBI,Corn,2018,33,200,69,Rizosphere,yes,2018_200_69,3,DNA
5075_C_2018_P34_N300_A_20180703_CABBI,Corn,2018,34,300,69,Rizosphere,yes,2018_300_69,3,DNA
5076_C_2018_P34_N300_B_20180703_CABBI,Corn,2018,34,300,69,Rizosphere,yes,2018_300_69,3,DNA
5077_C_2018_P35_N0_A_20180703_CABBI,Corn,2018,35,0,69,Rizosphere,yes,2018_0_69,3,DNA
5078_C_2018_P35_N0_B_20180703_CABBI,Corn,2018,35,0,69,Rizosphere,yes,2018_0_69,3,DNA
5079_C_2018_P37_N300_A_20180703_CABBI,Corn,2018,37,300,69,Rizosphere,yes,2018_300_69,3,DNA
5080_C_2018_P37_N300_B_20180703_CABBI,Corn,2018,37,300,69,Rizosphere,yes,2018_300_69,3,DNA
5081_C_2018_P39_N0_A_20180703_CABBI,Corn,2018,39,0,69,Rizosphere,yes,2018_0_69,3,DNA
5082_C_2018_P39_N0_B_20180703_CABBI,Corn,2018,39,0,69,Rizosphere,yes,2018_0_69,3,DNA
5083_C_2018_P40_N200_A_20180703_CABBI,Corn,2018,40,200,69,Rizosphere,yes,2018_200_69,3,DNA
5084_C_2018_P40_N200_B_20180703_CABBI,Corn,2018,40,200,69,Rizosphere,yes,2018_200_69,3,DNA
5085_C_2018_P43_N200_A_20180703_CABBI,Corn,2018,43,200,69,Rizosphere,yes,2018_200_69,3,DNA
5086_C_2018_P43_N200_B_20180703_CABBI,Corn,2018,43,200,69,Rizosphere,yes,2018_200_69,3,DNA
5087_C_2018_P44_N0_A_20180703_CABBI,Corn,2018,44,0,69,Rizosphere,yes,2018_0_69,3,DNA
5088_C_2018_P44_N0_B_20180703_CABBI,Corn,2018,44,0,69,Rizosphere,yes,2018_0_69,3,DNA
5089_C_2018_P45_N300_A_20180703_CABBI,Corn,2018,45,300,69,Rizosphere,yes,2018_300_69,3,DNA
5090_C_2018_P45_N300_B_20180703_CABBI,Corn,2018,45,300,69,Rizosphere,yes,2018_300_69,3,DNA
5091_M_2017_P46_N0_A_20180703_CABBI,Miscanthus,2017,46,0,69,Rizosphere,yes,2017_0_69,2,DNA
5092_M_2017_P46_N0_B_20180703_CABBI,Miscanthus,2017,46,0,69,Rizosphere,yes,2017_0_69,2,DNA
5093_M_2017_P48_N400_A_20180703_CABBI,Miscanthus,2017,48,400,69,Rizosphere,yes,2017_400_69,2,DNA
5094_M_2017_P48_N400_B_20180703_CABBI,Miscanthus,2017,48,400,69,Rizosphere,yes,2017_400_69,2,DNA
5095_M_2017_P50_N200_A_20180703_CABBI,Miscanthus,2017,50,200,69,Rizosphere,yes,2017_200_69,2,DNA
5096_M_2017_P50_N200_B_20180703_CABBI,Miscanthus,2017,50,200,69,Rizosphere,yes,2017_200_69,2,DNA
5097_M_2015_P53_N400_A_20180703_CABBI,Miscanthus,2015,53,400,69,Rizosphere,yes,2015_400_69,1,DNA
5098_M_2015_P53_N400_B_20180703_CABBI,Miscanthus,2015,53,400,69,Rizosphere,yes,2015_400_69,1,DNA
5099_M_2015_P54_N200_A_20180703_CABBI,Miscanthus,2015,54,200,69,Rizosphere,yes,2015_200_69,1,DNA
5100_M_2015_P54_N200_B_20180703_CABBI,Miscanthus,2015,54,200,69,Rizosphere,yes,2015_200_69,1,DNA
5101_M_2015_P55_N0_A_20180703_CABBI,Miscanthus,2015,55,0,69,Rizosphere,yes,2015_0_69,1,DNA
5102_M_2015_P55_N0_B_20180703_CABBI,Miscanthus,2015,55,0,69,Rizosphere,yes,2015_0_69,1,DNA
5103_M_2016_P56_N0_A_20180703_CABBI,Miscanthus,2016,56,0,69,Rizosphere,yes,2016_0_69,1,DNA
5104_M_2016_P56_N0_B_20180703_CABBI,Miscanthus,2016,56,0,69,Rizosphere,yes,2016_0_69,1,DNA
5105_M_2016_P58_N400_A_20180703_CABBI,Miscanthus,2016,58,400,69,Rizosphere,yes,2016_400_69,1,DNA
5106_M_2016_P58_N400_B_20180703_CABBI,Miscanthus,2016,58,400,69,Rizosphere,yes,2016_400_69,1,DNA
5107_M_2016_P60_N200_A_20180703_CABBI,Miscanthus,2016,60,200,69,Rizosphere,yes,2016_200_69,1,DNA
5108_M_2016_P60_N200_B_20180703_CABBI,Miscanthus,2016,60,200,69,Rizosphere,yes,2016_200_69,1,DNA