Samples,Plant,Year,Plot,Nitrogen,Days,Soil,fertilizer,Type,Nucelic
2001_C_2018_N300_P3_A_20180429_RNA_CABBI,Corn,2018,3,300,-10,Rizosphere,no,2018_300_-10,RNA
2002_C_2018_N300_P3_B_20180429_RNA_CABBI,Corn,2018,3,300,-10,Rizosphere,no,2018_300_-10,RNA
2003_C_2018_N300_P3_C_20180429_RNA_CABBI,Corn,2018,3,300,-10,Rizosphere,no,2018_300_-10,RNA
2004_C_2018_N0_P4_A_20180429_RNA_CABBI,Corn,2018,4,0,-10,Rizosphere,no,2018_0_-10,RNA
2005_C_2018_N0_P4_B_20180429_RNA_CABBI,Corn,2018,4,0,-10,Rizosphere,no,2018_0_-10,RNA
2006_C_2018_N0_P4_C_20180429_RNA_CABBI,Corn,2018,4,0,-10,Rizosphere,no,2018_0_-10,RNA
2007_C_2018_N200_P5_A_20180429_RNA_CABBI,Corn,2018,5,200,-10,Rizosphere,no,2018_200_-10,RNA
2008_C_2018_N200_P5_B_20180429_RNA_CABBI,Corn,2018,5,200,-10,Rizosphere,no,2018_200_-10,RNA
2009_C_2018_N200_P5_C_20180429_RNA_CABBI,Corn,2018,5,200,-10,Rizosphere,no,2018_200_-10,RNA
2010_C_2018_N300_P6_A_20180429_RNA_CABBI,Corn,2018,6,300,-10,Rizosphere,no,2018_300_-10,RNA
2011_C_2018_N300_P6_B_20180429_RNA_CABBI,Corn,2018,6,300,-10,Rizosphere,no,2018_300_-10,RNA
2012_C_2018_N300_P6_C_20180429_RNA_CABBI,Corn,2018,6,300,-10,Rizosphere,no,2018_300_-10,RNA
2013_C_2018_N0_P7_A_20180429_RNA_CABBI,Corn,2018,7,0,-10,Rizosphere,no,2018_0_-10,RNA
2014_C_2018_N0_P7_B_20180429_RNA_CABBI,Corn,2018,7,0,-10,Rizosphere,no,2018_0_-10,RNA
2015_C_2018_N0_P7_C_20180429_RNA_CABBI,Corn,2018,7,0,-10,Rizosphere,no,2018_0_-10,RNA
2016_C_2018_N200_P9_A_20180429_RNA_CABBI,Corn,2018,9,200,-10,Rizosphere,no,2018_200_-10,RNA
2017_C_2018_N200_P9_B_20180429_RNA_CABBI,Corn,2018,9,200,-10,Rizosphere,no,2018_200_-10,RNA
2018_C_2018_N200_P9_C_20180429_RNA_CABBI,Corn,2018,9,200,-10,Rizosphere,no,2018_200_-10,RNA
2019_C_2018_N200_P12_A_20180429_RNA_CABBI,Corn,2018,12,200,-10,Rizosphere,no,2018_200_-10,RNA
2020_C_2018_N200_P12_B_20180429_RNA_CABBI,Corn,2018,12,200,-10,Rizosphere,no,2018_200_-10,RNA
2021_C_2018_N200_P12_C_20180429_RNA_CABBI,Corn,2018,12,200,-10,Rizosphere,no,2018_200_-10,RNA
2022_C_2018_N300_P13_A_20180429_RNA_CABBI,Corn,2018,13,300,-10,Rizosphere,no,2018_300_-10,RNA
2023_C_2018_N300_P13_B_20180429_RNA_CABBI,Corn,2018,13,300,-10,Rizosphere,no,2018_300_-10,RNA
2024_C_2018_N300_P13_C_20180429_RNA_CABBI,Corn,2018,13,300,-10,Rizosphere,no,2018_300_-10,RNA
2025_C_2018_N0_P14_A_20180429_RNA_CABBI,Corn,2018,14,0,-10,Rizosphere,no,2018_0_-10,RNA
2026_C_2018_N0_P14_B_20180429_RNA_CABBI,Corn,2018,14,0,-10,Rizosphere,no,2018_0_-10,RNA
2027_C_2018_N0_P14_C_20180429_RNA_CABBI,Corn,2018,14,0,-10,Rizosphere,no,2018_0_-10,RNA
2028_M_2015_N400_P3_A_20180429_RNA_CABBI,Miscanthus,2015,3,400,-10,Rizosphere,no,2015_400_-10,RNA
2029_M_2015_N400_P3_B_20180429_RNA_CABBI,Miscanthus,2015,3,400,-10,Rizosphere,no,2015_400_-10,RNA
2030_M_2015_N400_P3_C_20180429_RNA_CABBI,Miscanthus,2015,3,400,-10,Rizosphere,no,2015_400_-10,RNA
2031_M_2015_N0_P4_A_20180429_RNA_CABBI,Miscanthus,2015,4,0,-10,Rizosphere,no,2015_0_-10,RNA
2032_M_2015_N0_P4_B_20180429_RNA_CABBI,Miscanthus,2015,4,0,-10,Rizosphere,no,2015_0_-10,RNA
2033_M_2015_N0_P4_C_20180429_RNA_CABBI,Miscanthus,2015,4,0,-10,Rizosphere,no,2015_0_-10,RNA
2034_M_2015_N200_P5_A_20180429_RNA_CABBI,Miscanthus,2015,5,200,-10,Rizosphere,no,2015_200_-10,RNA
2035_M_2015_N200_P5_B_20180429_RNA_CABBI,Miscanthus,2015,5,200,-10,Rizosphere,no,2015_200_-10,RNA
2036_M_2015_N200_P5_C_20180429_RNA_CABBI,Miscanthus,2015,5,200,-10,Rizosphere,no,2015_200_-10,RNA
2037_M_2016_N400_P6_A_20180429_RNA_CABBI,Miscanthus,2016,6,400,-10,Rizosphere,no,2016_400_-10,RNA
2038_M_2016_N400_P6_B_20180429_RNA_CABBI,Miscanthus,2016,6,400,-10,Rizosphere,no,2016_400_-10,RNA
2039_M_2016_N400_P6_C_20180429_RNA_CABBI,Miscanthus,2016,6,400,-10,Rizosphere,no,2016_400_-10,RNA
2040_M_2016_N0_P7_A_20180429_RNA_CABBI,Miscanthus,2016,7,0,-10,Rizosphere,no,2016_0_-10,RNA
2041_M_2016_N0_P7_B_20180429_RNA_CABBI,Miscanthus,2016,7,0,-10,Rizosphere,no,2016_0_-10,RNA
2042_M_2016_N0_P7_C_20180429_RNA_CABBI,Miscanthus,2016,7,0,-10,Rizosphere,no,2016_0_-10,RNA
2043_M_2016_N200_P9_A_20180429_RNA_CABBI,Miscanthus,2016,9,200,-10,Rizosphere,no,2016_200_-10,RNA
2044_M_2016_N200_P9_B_20180429_RNA_CABBI,Miscanthus,2016,9,200,-10,Rizosphere,no,2016_200_-10,RNA
2045_M_2016_N200_P9_C_20180429_RNA_CABBI,Miscanthus,2016,9,200,-10,Rizosphere,no,2016_200_-10,RNA
2046_M_2017_N200_P12_A_20180429_RNA_CABBI,Miscanthus,2017,12,200,-10,Rizosphere,no,2017_200_-10,RNA
2047_M_2017_N200_P12_B_20180429_RNA_CABBI,Miscanthus,2017,12,200,-10,Rizosphere,no,2017_200_-10,RNA
2048_M_2017_N200_P12_C_20180429_RNA_CABBI,Miscanthus,2017,12,200,-10,Rizosphere,no,2017_200_-10,RNA
2049_M_2017_N400_P13_A_20180429_RNA_CABBI,Miscanthus,2017,13,400,-10,Rizosphere,no,2017_400_-10,RNA
2050_M_2017_N400_P13_B_20180429_RNA_CABBI,Miscanthus,2017,13,400,-10,Rizosphere,no,2017_400_-10,RNA
2051_M_2017_N400_P13_C_20180429_RNA_CABBI,Miscanthus,2017,13,400,-10,Rizosphere,no,2017_400_-10,RNA
2052_M_2017_N0_P14_A_20180429_RNA_CABBI,Miscanthus,2017,14,0,-10,Rizosphere,no,2017_0_-10,RNA
2053_M_2017_N0_P14_B_20180429_RNA_CABBI,Miscanthus,2017,14,0,-10,Rizosphere,no,2017_0_-10,RNA
2054_M_2017_N0_P14_C_20180429_RNA_CABBI,Miscanthus,2017,14,0,-10,Rizosphere,no,2017_0_-10,RNA
2055_M_2016_N400_P17_A_20180429_RNA_CABBI,Miscanthus,2016,17,400,-10,Rizosphere,no,2016_400_-10,RNA
2056_M_2016_N400_P17_B_20180429_RNA_CABBI,Miscanthus,2016,17,400,-10,Rizosphere,no,2016_400_-10,RNA
2057_M_2016_N400_P17_C_20180429_RNA_CABBI,Miscanthus,2016,17,400,-10,Rizosphere,no,2016_400_-10,RNA
2058_M_2016_N200_P18_A_20180429_RNA_CABBI,Miscanthus,2016,18,200,-10,Rizosphere,no,2016_200_-10,RNA
2059_M_2016_N200_P18_B_20180429_RNA_CABBI,Miscanthus,2016,18,200,-10,Rizosphere,no,2016_200_-10,RNA
2060_M_2016_N200_P18_C_20180429_RNA_CABBI,Miscanthus,2016,18,200,-10,Rizosphere,no,2016_200_-10,RNA
2061_M_2016_N0_P19_A_20180429_RNA_CABBI,Miscanthus,2016,19,0,-10,Rizosphere,no,2016_0_-10,RNA
2062_M_2016_N0_P19_B_20180429_RNA_CABBI,Miscanthus,2016,19,0,-10,Rizosphere,no,2016_0_-10,RNA
2063_M_2016_N0_P19_C_20180429_RNA_CABBI,Miscanthus,2016,19,0,-10,Rizosphere,no,2016_0_-10,RNA
2064_M_2017_N400_P22_A_20180429_RNA_CABBI,Miscanthus,2017,22,400,-10,Rizosphere,no,2017_400_-10,RNA
2065_M_2017_N400_P22_B_20180429_RNA_CABBI,Miscanthus,2017,22,400,-10,Rizosphere,no,2017_400_-10,RNA
2066_M_2017_N400_P22_C_20180429_RNA_CABBI,Miscanthus,2017,22,400,-10,Rizosphere,no,2017_400_-10,RNA
2067_M_2017_N0_P24_A_20180429_RNA_CABBI,Miscanthus,2017,24,0,-10,Rizosphere,no,2017_0_-10,RNA
2068_M_2017_N0_P24_B_20180429_RNA_CABBI,Miscanthus,2017,24,0,-10,Rizosphere,no,2017_0_-10,RNA
2069_M_2017_N0_P24_C_20180429_RNA_CABBI,Miscanthus,2017,24,0,-10,Rizosphere,no,2017_0_-10,RNA
2070_M_2017_N200_P25_A_20180429_RNA_CABBI,Miscanthus,2017,25,200,-10,Rizosphere,no,2017_200_-10,RNA
2071_M_2017_N200_P25_B_20180429_RNA_CABBI,Miscanthus,2017,25,200,-10,Rizosphere,no,2017_200_-10,RNA
2072_M_2017_N200_P25_C_20180429_RNA_CABBI,Miscanthus,2017,25,200,-10,Rizosphere,no,2017_200_-10,RNA
2073_M_2015_N400_P27_A_20180429_RNA_CABBI,Miscanthus,2015,27,400,-10,Rizosphere,no,2015_400_-10,RNA
2074_M_2015_N400_P27_B_20180429_RNA_CABBI,Miscanthus,2015,27,400,-10,Rizosphere,no,2015_400_-10,RNA
2075_M_2015_N400_P27_C_20180429_RNA_CABBI,Miscanthus,2015,27,400,-10,Rizosphere,no,2015_400_-10,RNA
2076_M_2015_N0_P28_A_20180429_RNA_CABBI,Miscanthus,2015,28,0,-10,Rizosphere,no,2015_0_-10,RNA
2077_M_2015_N0_P28_B_20180429_RNA_CABBI,Miscanthus,2015,28,0,-10,Rizosphere,no,2015_0_-10,RNA
2078_M_2015_N0_P28_C_20180429_RNA_CABBI,Miscanthus,2015,28,0,-10,Rizosphere,no,2015_0_-10,RNA
2079_M_2015_N200_P30_A_20180429_RNA_CABBI,Miscanthus,2015,30,200,-10,Rizosphere,no,2015_200_-10,RNA
2080_M_2015_N200_P30_B_20180429_RNA_CABBI,Miscanthus,2015,30,200,-10,Rizosphere,no,2015_200_-10,RNA
2081_M_2015_N200_P30_C_20180429_RNA_CABBI,Miscanthus,2015,30,200,-10,Rizosphere,no,2015_200_-10,RNA
2082_M_2017_N200_P33_A_20180429_RNA_CABBI,Miscanthus,2017,33,200,-10,Rizosphere,no,2017_200_-10,RNA
2083_M_2017_N200_P33_B_20180429_RNA_CABBI,Miscanthus,2017,33,200,-10,Rizosphere,no,2017_200_-10,RNA
2084_M_2017_N200_P33_C_20180429_RNA_CABBI,Miscanthus,2017,33,200,-10,Rizosphere,no,2017_200_-10,RNA
2085_M_2017_N400_P34_A_20180429_RNA_CABBI,Miscanthus,2017,34,400,-10,Rizosphere,no,2017_400_-10,RNA
2086_M_2017_N400_P34_B_20180429_RNA_CABBI,Miscanthus,2017,34,400,-10,Rizosphere,no,2017_400_-10,RNA
2087_M_2017_N400_P34_C_20180429_RNA_CABBI,Miscanthus,2017,34,400,-10,Rizosphere,no,2017_400_-10,RNA
2088_M_2017_N0_P35_A_20180429_RNA_CABBI,Miscanthus,2017,35,0,-10,Rizosphere,no,2017_0_-10,RNA
2089_M_2017_N0_P35_B_20180429_RNA_CABBI,Miscanthus,2017,35,0,-10,Rizosphere,no,2017_0_-10,RNA
2090_M_2017_N0_P35_C_20180429_RNA_CABBI,Miscanthus,2017,35,0,-10,Rizosphere,no,2017_0_-10,RNA
2091_M_2016_N400_P37_A_20180429_RNA_CABBI,Miscanthus,2016,37,400,-10,Rizosphere,no,2016_400_-10,RNA
2092_M_2016_N400_P37_B_20180429_RNA_CABBI,Miscanthus,2016,37,400,-10,Rizosphere,no,2016_400_-10,RNA
2093_M_2016_N400_P37_C_20180429_RNA_CABBI,Miscanthus,2016,37,400,-10,Rizosphere,no,2016_400_-10,RNA
2094_M_2016_N0_P39_A_20180429_RNA_CABBI,Miscanthus,2016,39,0,-10,Rizosphere,no,2016_0_-10,RNA
2095_M_2016_N0_P39_B_20180429_RNA_CABBI,Miscanthus,2016,39,0,-10,Rizosphere,no,2016_0_-10,RNA
2096_M_2016_N0_P39_C_20180429_RNA_CABBI,Miscanthus,2016,39,0,-10,Rizosphere,no,2016_0_-10,RNA
2098_M_2016_N200_P40_B_20180429_RNA_CABBI,Miscanthus,2016,40,200,-10,Rizosphere,no,2016_200_-10,RNA
2099_M_2016_N200_P40_C_20180429_RNA_CABBI,Miscanthus,2016,40,200,-10,Rizosphere,no,2016_200_-10,RNA
2100_M_2015_N200_P43_A_20180429_RNA_CABBI,Miscanthus,2015,43,200,-10,Rizosphere,no,2015_200_-10,RNA
2101_M_2015_N200_P43_B_20180429_RNA_CABBI,Miscanthus,2015,43,200,-10,Rizosphere,no,2015_200_-10,RNA
2103_M_2015_N0_P44_A_20180429_RNA_CABBI,Miscanthus,2015,44,0,-10,Rizosphere,no,2015_0_-10,RNA
2104_M_2015_N0_P44_B_20180429_RNA_CABBI,Miscanthus,2015,44,0,-10,Rizosphere,no,2015_0_-10,RNA
2105_M_2015_N0_P44_C_20180429_RNA_CABBI,Miscanthus,2015,44,0,-10,Rizosphere,no,2015_0_-10,RNA
2106_M_2015_N400_P45_A_20180429_RNA_CABBI,Miscanthus,2015,45,400,-10,Rizosphere,no,2015_400_-10,RNA
2108_M_2015_N400_P45_C_20180429_RNA_CABBI,Miscanthus,2015,45,400,-10,Rizosphere,no,2015_400_-10,RNA
2109_C_2018_N200_P33_A_20180429_RNA_CABBI,Corn,2018,33,200,-10,Rizosphere,no,2018_200_-10,RNA
2110_C_2018_N200_P33_B_20180429_RNA_CABBI,Corn,2018,33,200,-10,Rizosphere,no,2018_200_-10,RNA
2111_C_2018_N200_P33_C_20180429_RNA_CABBI,Corn,2018,33,200,-10,Rizosphere,no,2018_200_-10,RNA
2112_C_2018_N300_P34_A_20180429_RNA_CABBI,Corn,2018,34,300,-10,Rizosphere,no,2018_300_-10,RNA
2113_C_2018_N300_P34_B_20180429_RNA_CABBI,Corn,2018,34,300,-10,Rizosphere,no,2018_300_-10,RNA
2114_C_2018_N300_P34_C_20180429_RNA_CABBI,Corn,2018,34,300,-10,Rizosphere,no,2018_300_-10,RNA
2115_C_2018_N0_P35_A_20180429_RNA_CABBI,Corn,2018,35,0,-10,Rizosphere,no,2018_0_-10,RNA
2116_C_2018_N0_P35_B_20180429_RNA_CABBI,Corn,2018,35,0,-10,Rizosphere,no,2018_0_-10,RNA
2117_C_2018_N0_P35_C_20180429_RNA_CABBI,Corn,2018,35,0,-10,Rizosphere,no,2018_0_-10,RNA
2118_C_2018_N300_P37_A_20180429_RNA_CABBI,Corn,2018,37,300,-10,Rizosphere,no,2018_300_-10,RNA
2119_C_2018_N300_P37_B_20180429_RNA_CABBI,Corn,2018,37,300,-10,Rizosphere,no,2018_300_-10,RNA
2120_C_2018_N300_P37_C_20180429_RNA_CABBI,Corn,2018,37,300,-10,Rizosphere,no,2018_300_-10,RNA
2121_C_2018_N0_P39_A_20180429_RNA_CABBI,Corn,2018,39,0,-10,Rizosphere,no,2018_0_-10,RNA
2122_C_2018_N0_P39_B_20180429_RNA_CABBI,Corn,2018,39,0,-10,Rizosphere,no,2018_0_-10,RNA
2123_C_2018_N0_P39_C_20180429_RNA_CABBI,Corn,2018,39,0,-10,Rizosphere,no,2018_0_-10,RNA
2124_C_2018_N200_P40_A_20180429_RNA_CABBI,Corn,2018,40,200,-10,Rizosphere,no,2018_200_-10,RNA
2126_C_2018_N200_P40_C_20180429_RNA_CABBI,Corn,2018,40,200,-10,Rizosphere,no,2018_200_-10,RNA
2127_C_2018_N200_P43_A_20180429_RNA_CABBI,Corn,2018,43,200,-10,Rizosphere,no,2018_200_-10,RNA
2128_C_2018_N200_P43_B_20180429_RNA_CABBI,Corn,2018,43,200,-10,Rizosphere,no,2018_200_-10,RNA
2129_C_2018_N200_P43_C_20180429_RNA_CABBI,Corn,2018,43,200,-10,Rizosphere,no,2018_200_-10,RNA
2130_C_2018_N0_P44_A_20180429_RNA_CABBI,Corn,2018,44,0,-10,Rizosphere,no,2018_0_-10,RNA
2131_C_2018_N0_P44_B_20180429_RNA_CABBI,Corn,2018,44,0,-10,Rizosphere,no,2018_0_-10,RNA
2132_C_2018_N0_P44_C_20180429_RNA_CABBI,Corn,2018,44,0,-10,Rizosphere,no,2018_0_-10,RNA
2133_C_2018_N300_P45_A_20180429_RNA_CABBI,Corn,2018,45,300,-10,Rizosphere,no,2018_300_-10,RNA
2134_C_2018_N300_P45_B_20180429_RNA_CABBI,Corn,2018,45,300,-10,Rizosphere,no,2018_300_-10,RNA
2135_C_2018_N300_P45_C_20180429_RNA_CABBI,Corn,2018,45,300,-10,Rizosphere,no,2018_300_-10,RNA
2136_M_2017_N0_P46_A_20180429_RNA_CABBI,Miscanthus,2017,46,0,-10,Rizosphere,no,2017_0_-10,RNA
2137_M_2017_N0_P46_B_20180429_RNA_CABBI,Miscanthus,2017,46,0,-10,Rizosphere,no,2017_0_-10,RNA
2138_M_2017_N0_P46_C_20180429_RNA_CABBI,Miscanthus,2017,46,0,-10,Rizosphere,no,2017_0_-10,RNA
2139_M_2017_N400_P48_A_20180429_RNA_CABBI,Miscanthus,2017,48,400,-10,Rizosphere,no,2017_400_-10,RNA
2140_M_2017_N400_P48_B_20180429_RNA_CABBI,Miscanthus,2017,48,400,-10,Rizosphere,no,2017_400_-10,RNA
2141_M_2017_N400_P48_C_20180429_RNA_CABBI,Miscanthus,2017,48,400,-10,Rizosphere,no,2017_400_-10,RNA
2142_M_2017_N200_P50_A_20180429_RNA_CABBI,Miscanthus,2017,50,200,-10,Rizosphere,no,2017_200_-10,RNA
2143_M_2017_N200_P50_B_20180429_RNA_CABBI,Miscanthus,2017,50,200,-10,Rizosphere,no,2017_200_-10,RNA
2144_M_2017_N200_P50_C_20180429_RNA_CABBI,Miscanthus,2017,50,200,-10,Rizosphere,no,2017_200_-10,RNA
2145_M_2015_N400_P53_A_20180429_RNA_CABBI,Miscanthus,2015,53,400,-10,Rizosphere,no,2015_400_-10,RNA
2146_M_2015_N400_P53_B_20180429_RNA_CABBI,Miscanthus,2015,53,400,-10,Rizosphere,no,2015_400_-10,RNA
2147_M_2015_N400_P53_C_20180429_RNA_CABBI,Miscanthus,2015,53,400,-10,Rizosphere,no,2015_400_-10,RNA
2148_M_2015_N200_P54_A_20180429_RNA_CABBI,Miscanthus,2015,54,200,-10,Rizosphere,no,2015_200_-10,RNA
2149_M_2015_N200_P54_B_20180429_RNA_CABBI,Miscanthus,2015,54,200,-10,Rizosphere,no,2015_200_-10,RNA
2150_M_2015_N200_P54_C_20180429_RNA_CABBI,Miscanthus,2015,54,200,-10,Rizosphere,no,2015_200_-10,RNA
2151_M_2015_N0_P55_A_20180429_RNA_CABBI,Miscanthus,2015,55,0,-10,Rizosphere,no,2015_0_-10,RNA
2152_M_2015_N0_P55_B_20180429_RNA_CABBI,Miscanthus,2015,55,0,-10,Rizosphere,no,2015_0_-10,RNA
2153_M_2015_N0_P55_C_20180429_RNA_CABBI,Miscanthus,2015,55,0,-10,Rizosphere,no,2015_0_-10,RNA
2154_M_2016_N0_P56_A_20180429_RNA_CABBI,Miscanthus,2016,56,0,-10,Rizosphere,no,2016_0_-10,RNA
2155_M_2016_N0_P56_B_20180429_RNA_CABBI,Miscanthus,2016,56,0,-10,Rizosphere,no,2016_0_-10,RNA
2156_M_2016_N0_P56_C_20180429_RNA_CABBI,Miscanthus,2016,56,0,-10,Rizosphere,no,2016_0_-10,RNA
2157_M_2016_N400_P58_A_20180429_RNA_CABBI,Miscanthus,2016,58,400,-10,Rizosphere,no,2016_400_-10,RNA
2158_M_2016_N400_P58_B_20180429_RNA_CABBI,Miscanthus,2016,58,400,-10,Rizosphere,no,2016_400_-10,RNA
2159_M_2016_N400_P58_C_20180429_RNA_CABBI,Miscanthus,2016,58,400,-10,Rizosphere,no,2016_400_-10,RNA
2160_M_2016_N200_P60_A_20180429_RNA_CABBI,Miscanthus,2016,60,200,-10,Rizosphere,no,2016_200_-10,RNA
2161_M_2016_N200_P60_B_20180429_RNA_CABBI,Miscanthus,2016,60,200,-10,Rizosphere,no,2016_200_-10,RNA
2162_M_2016_N200_P60_C_20180429_RNA_CABBI,Miscanthus,2016,60,200,-10,Rizosphere,no,2016_200_-10,RNA
3001_C_2018_P3_N300_A_20180514_RNA_CABBI,Corn,2018,3,300,5,Rizosphere,yes,2018_300_5,RNA
3002_C_2018_P3_N300_B_20180514_RNA_CABBI,Corn,2018,3,300,5,Rizosphere,yes,2018_300_5,RNA
3003_C_2018_P4_N0_A_20180514_RNA_CABBI,Corn,2018,4,0,5,Rizosphere,yes,2018_0_5,RNA
3004_C_2018_P4_N0_B_20180514_RNA_CABBI,Corn,2018,4,0,5,Rizosphere,yes,2018_0_5,RNA
3005_C_2018_P5_N200_A_20180514_RNA_CABBI,Corn,2018,5,200,5,Rizosphere,yes,2018_200_5,RNA
3006_C_2018_P5_N200_B_20180514_RNA_CABBI,Corn,2018,5,200,5,Rizosphere,yes,2018_200_5,RNA
3007_C_2018_P6_N300_A_20180514_RNA_CABBI,Corn,2018,6,300,5,Rizosphere,yes,2018_300_5,RNA
3008_C_2018_P6_N300_B_20180514_RNA_CABBI,Corn,2018,6,300,5,Rizosphere,yes,2018_300_5,RNA
3009_C_2018_P7_N0_A_20180514_RNA_CABBI,Corn,2018,7,0,5,Rizosphere,yes,2018_0_5,RNA
3010_C_2018_P7_N0_B_20180514_RNA_CABBI,Corn,2018,7,0,5,Rizosphere,yes,2018_0_5,RNA
3011_C_2018_P9_N200_A_20180514_RNA_CABBI,Corn,2018,9,200,5,Rizosphere,yes,2018_200_5,RNA
3012_C_2018_P9_N200_B_20180514_RNA_CABBI,Corn,2018,9,200,5,Rizosphere,yes,2018_200_5,RNA
3013_C_2018_P12_N200_A_20180514_RNA_CABBI,Corn,2018,12,200,5,Rizosphere,yes,2018_200_5,RNA
3014_C_2018_P12_N200_B_20180514_RNA_CABBI,Corn,2018,12,200,5,Rizosphere,yes,2018_200_5,RNA
3015_C_2018_P13_N300_A_20180514_RNA_CABBI,Corn,2018,13,300,5,Rizosphere,yes,2018_300_5,RNA
3016_C_2018_P13_N300_B_20180514_RNA_CABBI,Corn,2018,13,300,5,Rizosphere,yes,2018_300_5,RNA
3017_C_2018_P14_N0_A_20180514_RNA_CABBI,Corn,2018,14,0,5,Rizosphere,yes,2018_0_5,RNA
3018_C_2018_P14_N0_B_20180514_RNA_CABBI,Corn,2018,14,0,5,Rizosphere,yes,2018_0_5,RNA
3019_M_2015_P3_N400_A_20180514_RNA_CABBI,Miscanthus,2015,3,400,5,Rizosphere,yes,2015_400_5,RNA
3020_M_2015_P3_N400_B_20180514_RNA_CABBI,Miscanthus,2015,3,400,5,Rizosphere,yes,2015_400_5,RNA
3021_M_2015_P4_N0_A_20180514_RNA_CABBI,Miscanthus,2015,4,0,5,Rizosphere,yes,2015_0_5,RNA
3022_M_2015_P4_N0_B_20180514_RNA_CABBI,Miscanthus,2015,4,0,5,Rizosphere,yes,2015_0_5,RNA
3023_M_2015_P5_N200_A_20180514_RNA_CABBI,Miscanthus,2015,5,200,5,Rizosphere,yes,2015_200_5,RNA
3024_M_2015_P5_N200_B_20180514_RNA_CABBI,Miscanthus,2015,5,200,5,Rizosphere,yes,2015_200_5,RNA
3025_M_2016_P6_N400_A_20180514_RNA_CABBI,Miscanthus,2016,6,400,5,Rizosphere,yes,2016_400_5,RNA
3026_M_2016_P6_N400_B_20180514_RNA_CABBI,Miscanthus,2016,6,400,5,Rizosphere,yes,2016_400_5,RNA
3027_M_2016_P7_N0_A_20180514_RNA_CABBI,Miscanthus,2016,7,0,5,Rizosphere,yes,2016_0_5,RNA
3028_M_2016_P7_N0_B_20180514_RNA_CABBI,Miscanthus,2016,7,0,5,Rizosphere,yes,2016_0_5,RNA
3029_M_2016_P9_N200_A_20180514_RNA_CABBI,Miscanthus,2016,9,200,5,Rizosphere,yes,2016_200_5,RNA
3030_M_2016_P9_N200_B_20180514_RNA_CABBI,Miscanthus,2016,9,200,5,Rizosphere,yes,2016_200_5,RNA
3031_M_2017_P12_N200_A_20180514_RNA_CABBI,Miscanthus,2017,12,200,5,Rizosphere,yes,2017_200_5,RNA
3032_M_2017_P12_N200_B_20180514_RNA_CABBI,Miscanthus,2017,12,200,5,Rizosphere,yes,2017_200_5,RNA
3033_M_2017_P13_N400_A_20180514_RNA_CABBI,Miscanthus,2017,13,400,5,Rizosphere,yes,2017_400_5,RNA
3034_M_2017_P13_N400_B_20180514_RNA_CABBI,Miscanthus,2017,13,400,5,Rizosphere,yes,2017_400_5,RNA
3035_M_2017_P14_N0_A_20180514_RNA_CABBI,Miscanthus,2017,14,0,5,Rizosphere,yes,2017_0_5,RNA
3036_M_2017_P14_N0_B_20180514_RNA_CABBI,Miscanthus,2017,14,0,5,Rizosphere,yes,2017_0_5,RNA
3037_M_2016_P17_N400_A_20180514_RNA_CABBI,Miscanthus,2016,17,400,5,Rizosphere,yes,2016_400_5,RNA
3038_M_2016_P17_N400_B_20180514_RNA_CABBI,Miscanthus,2016,17,400,5,Rizosphere,yes,2016_400_5,RNA
3039_M_2016_P18_N200_A_20180514_RNA_CABBI,Miscanthus,2016,18,200,5,Rizosphere,yes,2016_200_5,RNA
3040_M_2016_P18_N200_B_20180514_RNA_CABBI,Miscanthus,2016,18,200,5,Rizosphere,yes,2016_200_5,RNA
3041_M_2016_P19_N0_A_20180514_RNA_CABBI,Miscanthus,2016,19,0,5,Rizosphere,yes,2016_0_5,RNA
3042_M_2016_P19_N0_B_20180514_RNA_CABBI,Miscanthus,2016,19,0,5,Rizosphere,yes,2016_0_5,RNA
3043_M_2017_P22_N400_A_20180514_RNA_CABBI,Miscanthus,2017,22,400,5,Rizosphere,yes,2017_400_5,RNA
3044_M_2017_P22_N400_B_20180514_RNA_CABBI,Miscanthus,2017,22,400,5,Rizosphere,yes,2017_400_5,RNA
3045_M_2017_P24_N0_A_20180514_RNA_CABBI,Miscanthus,2017,24,0,5,Rizosphere,yes,2017_0_5,RNA
3046_M_2017_P24_N0_B_20180514_RNA_CABBI,Miscanthus,2017,24,0,5,Rizosphere,yes,2017_0_5,RNA
3047_M_2017_P25_N200_A_20180514_RNA_CABBI,Miscanthus,2017,25,200,5,Rizosphere,yes,2017_200_5,RNA
3048_M_2017_P25_N200_B_20180514_RNA_CABBI,Miscanthus,2017,25,200,5,Rizosphere,yes,2017_200_5,RNA
3049_M_2015_P27_N400_A_20180514_RNA_CABBI,Miscanthus,2015,27,400,5,Rizosphere,yes,2015_400_5,RNA
3050_M_2015_P27_N400_B_20180514_RNA_CABBI,Miscanthus,2015,27,400,5,Rizosphere,yes,2015_400_5,RNA
3051_M_2015_P28_N0_A_20180514_RNA_CABBI,Miscanthus,2015,28,0,5,Rizosphere,yes,2015_0_5,RNA
3052_M_2015_P28_N0_B_20180514_RNA_CABBI,Miscanthus,2015,28,0,5,Rizosphere,yes,2015_0_5,RNA
3053_M_2015_P30_N200_A_20180514_RNA_CABBI,Miscanthus,2015,30,200,5,Rizosphere,yes,2015_200_5,RNA
3054_M_2015_P30_N200_B_20180514_RNA_CABBI,Miscanthus,2015,30,200,5,Rizosphere,yes,2015_200_5,RNA
3055_M_2017_P33_N200_A_20180514_RNA_CABBI,Miscanthus,2017,33,200,5,Rizosphere,yes,2017_200_5,RNA
3056_M_2017_P33_N200_B_20180514_RNA_CABBI,Miscanthus,2017,33,200,5,Rizosphere,yes,2017_200_5,RNA
3057_M_2017_P34_N400_A_20180514_RNA_CABBI,Miscanthus,2017,34,400,5,Rizosphere,yes,2017_400_5,RNA
3058_M_2017_P34_N400_B_20180514_RNA_CABBI,Miscanthus,2017,34,400,5,Rizosphere,yes,2017_400_5,RNA
3059_M_2017_P35_N0_A_20180514_RNA_CABBI,Miscanthus,2017,35,0,5,Rizosphere,yes,2017_0_5,RNA
3060_M_2017_P35_N0_B_20180514_RNA_CABBI,Miscanthus,2017,35,0,5,Rizosphere,yes,2017_0_5,RNA
3061_M_2016_P37_N400_A_20180514_RNA_CABBI,Miscanthus,2016,37,400,5,Rizosphere,yes,2016_400_5,RNA
3062_M_2016_P37_N400_B_20180514_RNA_CABBI,Miscanthus,2016,37,400,5,Rizosphere,yes,2016_400_5,RNA
3063_M_2016_P39_N0_A_20180514_RNA_CABBI,Miscanthus,2016,39,0,5,Rizosphere,yes,2016_0_5,RNA
3064_M_2016_P39_N0_B_20180514_RNA_CABBI,Miscanthus,2016,39,0,5,Rizosphere,yes,2016_0_5,RNA
3065_M_2016_P40_N200_A_20180514_RNA_CABBI,Miscanthus,2016,40,200,5,Rizosphere,yes,2016_200_5,RNA
3066_M_2016_P40_N200_B_20180514_RNA_CABBI,Miscanthus,2016,40,200,5,Rizosphere,yes,2016_200_5,RNA
3067_M_2015_P43_N200_A_20180514_RNA_CABBI,Miscanthus,2015,43,200,5,Rizosphere,yes,2015_200_5,RNA
3068_M_2015_P43_N200_B_20180514_RNA_CABBI,Miscanthus,2015,43,200,5,Rizosphere,yes,2015_200_5,RNA
3069_M_2015_P44_N0_A_20180514_RNA_CABBI,Miscanthus,2015,44,0,5,Rizosphere,yes,2015_0_5,RNA
3070_M_2015_P44_N0_B_20180514_RNA_CABBI,Miscanthus,2015,44,0,5,Rizosphere,yes,2015_0_5,RNA
3071_M_2015_P45_N400_A_20180514_RNA_CABBI,Miscanthus,2015,45,400,5,Rizosphere,yes,2015_400_5,RNA
3072_M_2015_P45_N400_B_20180514_RNA_CABBI,Miscanthus,2015,45,400,5,Rizosphere,yes,2015_400_5,RNA
3073_C_2018_P33_N200_A_20180514_RNA_CABBI,Corn,2018,33,200,5,Rizosphere,yes,2018_200_5,RNA
3074_C_2018_P33_N200_B_20180514_RNA_CABBI,Corn,2018,33,200,5,Rizosphere,yes,2018_200_5,RNA
3075_C_2018_P34_N300_A_20180514_RNA_CABBI,Corn,2018,34,300,5,Rizosphere,yes,2018_300_5,RNA
3076_C_2018_P34_N300_B_20180514_RNA_CABBI,Corn,2018,34,300,5,Rizosphere,yes,2018_300_5,RNA
3077_C_2018_P35_N0_A_20180514_RNA_CABBI,Corn,2018,35,0,5,Rizosphere,yes,2018_0_5,RNA
3078_C_2018_P35_N0_B_20180514_RNA_CABBI,Corn,2018,35,0,5,Rizosphere,yes,2018_0_5,RNA
3079_C_2018_P37_N300_A_20180514_RNA_CABBI,Corn,2018,37,300,5,Rizosphere,yes,2018_300_5,RNA
3080_C_2018_P37_N300_B_20180514_RNA_CABBI,Corn,2018,37,300,5,Rizosphere,yes,2018_300_5,RNA
3081_C_2018_P39_N0_A_20180514_RNA_CABBI,Corn,2018,39,0,5,Rizosphere,yes,2018_0_5,RNA
3082_C_2018_P39_N0_B_20180514_RNA_CABBI,Corn,2018,39,0,5,Rizosphere,yes,2018_0_5,RNA
3083_C_2018_P40_N200_A_20180514_RNA_CABBI,Corn,2018,40,200,5,Rizosphere,yes,2018_200_5,RNA
3084_C_2018_P40_N200_B_20180514_RNA_CABBI,Corn,2018,40,200,5,Rizosphere,yes,2018_200_5,RNA
3085_C_2018_P43_N200_A_20180514_RNA_CABBI,Corn,2018,43,200,5,Rizosphere,yes,2018_200_5,RNA
3086_C_2018_P43_N200_B_20180514_RNA_CABBI,Corn,2018,43,200,5,Rizosphere,yes,2018_200_5,RNA
3087_C_2018_P44_N0_A_20180514_RNA_CABBI,Corn,2018,44,0,5,Rizosphere,yes,2018_0_5,RNA
3088_C_2018_P44_N0_B_20180514_RNA_CABBI,Corn,2018,44,0,5,Rizosphere,yes,2018_0_5,RNA
3089_C_2018_P45_N300_A_20180514_RNA_CABBI,Corn,2018,45,300,5,Rizosphere,yes,2018_300_5,RNA
3090_C_2018_P45_N300_B_20180514_RNA_CABBI,Corn,2018,45,300,5,Rizosphere,yes,2018_300_5,RNA
3091_M_2017_P46_N0_A_20180514_RNA_CABBI,Miscanthus,2017,46,0,5,Rizosphere,yes,2017_0_5,RNA
3092_M_2017_P46_N0_B_20180514_RNA_CABBI,Miscanthus,2017,46,0,5,Rizosphere,yes,2017_0_5,RNA
3093_M_2017_P48_N400_A_20180514_RNA_CABBI,Miscanthus,2017,48,400,5,Rizosphere,yes,2017_400_5,RNA
3094_M_2017_P48_N400_B_20180514_RNA_CABBI,Miscanthus,2017,48,400,5,Rizosphere,yes,2017_400_5,RNA
3095_M_2017_P50_N200_A_20180514_RNA_CABBI,Miscanthus,2017,50,200,5,Rizosphere,yes,2017_200_5,RNA
3096_M_2017_P50_N200_B_20180514_RNA_CABBI,Miscanthus,2017,50,200,5,Rizosphere,yes,2017_200_5,RNA
3097_M_2015_P53_N400_A_20180514_RNA_CABBI,Miscanthus,2015,53,400,5,Rizosphere,yes,2015_400_5,RNA
3098_M_2015_P53_N400_B_20180514_RNA_CABBI,Miscanthus,2015,53,400,5,Rizosphere,yes,2015_400_5,RNA
3099_M_2015_P54_N200_A_20180514_RNA_CABBI,Miscanthus,2015,54,200,5,Rizosphere,yes,2015_200_5,RNA
3100_M_2015_P54_N200_B_20180514_RNA_CABBI,Miscanthus,2015,54,200,5,Rizosphere,yes,2015_200_5,RNA
3101_M_2015_P55_N0_A_20180514_RNA_CABBI,Miscanthus,2015,55,0,5,Rizosphere,yes,2015_0_5,RNA
3102_M_2015_P55_N0_B_20180514_RNA_CABBI,Miscanthus,2015,55,0,5,Rizosphere,yes,2015_0_5,RNA
3103_M_2016_P56_N0_A_20180514_RNA_CABBI,Miscanthus,2016,56,0,5,Rizosphere,yes,2016_0_5,RNA
3104_M_2016_P56_N0_B_20180514_RNA_CABBI,Miscanthus,2016,56,0,5,Rizosphere,yes,2016_0_5,RNA
3105_M_2016_P58_N400_A_20180514_RNA_CABBI,Miscanthus,2016,58,400,5,Rizosphere,yes,2016_400_5,RNA
3106_M_2016_P58_N400_B_20180514_RNA_CABBI,Miscanthus,2016,58,400,5,Rizosphere,yes,2016_400_5,RNA
3107_M_2016_P60_N200_A_20180514_RNA_CABBI,Miscanthus,2016,60,200,5,Rizosphere,yes,2016_200_5,RNA
3108_M_2016_P60_N200_B_20180514_RNA_CABBI,Miscanthus,2016,60,200,5,Rizosphere,yes,2016_200_5,RNA
4001_C_2018_P3_N300_A_20180530_RNA_CABBI,Corn,2018,3,300,21,Rizosphere,yes,2018_300_21,RNA
4002_C_2018_P3_N300_B_20180530_RNA_CABBI,Corn,2018,3,300,21,Rizosphere,yes,2018_300_21,RNA
4003_C_2018_P4_N0_A_20180530_RNA_CABBI,Corn,2018,4,0,21,Rizosphere,yes,2018_0_21,RNA
4004_C_2018_P4_N0_B_20180530_RNA_CABBI,Corn,2018,4,0,21,Rizosphere,yes,2018_0_21,RNA
4005_C_2018_P5_N200_A_20180530_RNA_CABBI,Corn,2018,5,200,21,Rizosphere,yes,2018_200_21,RNA
4006_C_2018_P5_N200_B_20180530_RNA_CABBI,Corn,2018,5,200,21,Rizosphere,yes,2018_200_21,RNA
4007_C_2018_P6_N300_A_20180530_RNA_CABBI,Corn,2018,6,300,21,Rizosphere,yes,2018_300_21,RNA
4008_C_2018_P6_N300_B_20180530_RNA_CABBI,Corn,2018,6,300,21,Rizosphere,yes,2018_300_21,RNA
4009_C_2018_P7_N0_A_20180530_RNA_CABBI,Corn,2018,7,0,21,Rizosphere,yes,2018_0_21,RNA
4010_C_2018_P7_N0_B_20180530_RNA_CABBI,Corn,2018,7,0,21,Rizosphere,yes,2018_0_21,RNA
4011_C_2018_P9_N200_A_20180530_RNA_CABBI,Corn,2018,9,200,21,Rizosphere,yes,2018_200_21,RNA
4012_C_2018_P9_N200_B_20180530_RNA_CABBI,Corn,2018,9,200,21,Rizosphere,yes,2018_200_21,RNA
4013_C_2018_P12_N200_A_20180530_RNA_CABBI,Corn,2018,12,200,21,Rizosphere,yes,2018_200_21,RNA
4014_C_2018_P12_N200_B_20180530_RNA_CABBI,Corn,2018,12,200,21,Rizosphere,yes,2018_200_21,RNA
4015_C_2018_P13_N300_A_20180530_RNA_CABBI,Corn,2018,13,300,21,Rizosphere,yes,2018_300_21,RNA
4016_C_2018_P13_N300_B_20180530_RNA_CABBI,Corn,2018,13,300,21,Rizosphere,yes,2018_300_21,RNA
4017_C_2018_P14_N0_A_20180530_RNA_CABBI,Corn,2018,14,0,21,Rizosphere,yes,2018_0_21,RNA
4018_C_2018_P14_N0_B_20180530_RNA_CABBI,Corn,2018,14,0,21,Rizosphere,yes,2018_0_21,RNA
4019_M_2015_P3_N400_A_20180530_RNA_CABBI,Miscanthus,2015,3,400,21,Rizosphere,yes,2015_400_21,RNA
4020_M_2015_P3_N400_B_20180530_RNA_CABBI,Miscanthus,2015,3,400,21,Rizosphere,yes,2015_400_21,RNA
4021_M_2015_P4_N0_A_20180530_RNA_CABBI,Miscanthus,2015,4,0,21,Rizosphere,yes,2015_0_21,RNA
4022_M_2015_P4_N0_B_20180530_RNA_CABBI,Miscanthus,2015,4,0,21,Rizosphere,yes,2015_0_21,RNA
4023_M_2015_P5_N200_A_20180530_RNA_CABBI,Miscanthus,2015,5,200,21,Rizosphere,yes,2015_200_21,RNA
4024_M_2015_P5_N200_B_20180530_RNA_CABBI,Miscanthus,2015,5,200,21,Rizosphere,yes,2015_200_21,RNA
4025_M_2016_P6_N400_A_20180530_RNA_CABBI,Miscanthus,2016,6,400,21,Rizosphere,yes,2016_400_21,RNA
4026_M_2016_P6_N400_B_20180530_RNA_CABBI,Miscanthus,2016,6,400,21,Rizosphere,yes,2016_400_21,RNA
4027_M_2016_P7_N0_A_20180530_RNA_CABBI,Miscanthus,2016,7,0,21,Rizosphere,yes,2016_0_21,RNA
4028_M_2016_P7_N0_B_20180530_RNA_CABBI,Miscanthus,2016,7,0,21,Rizosphere,yes,2016_0_21,RNA
4029_M_2016_P9_N200_A_20180530_RNA_CABBI,Miscanthus,2016,9,200,21,Rizosphere,yes,2016_200_21,RNA
4030_M_2016_P9_N200_B_20180530_RNA_CABBI,Miscanthus,2016,9,200,21,Rizosphere,yes,2016_200_21,RNA
4031_M_2017_P12_N200_A_20180530_RNA_CABBI,Miscanthus,2017,12,200,21,Rizosphere,yes,2017_200_21,RNA
4032_M_2017_P12_N200_B_20180530_RNA_CABBI,Miscanthus,2017,12,200,21,Rizosphere,yes,2017_200_21,RNA
4033_M_2017_P13_N400_A_20180530_RNA_CABBI,Miscanthus,2017,13,400,21,Rizosphere,yes,2017_400_21,RNA
4034_M_2017_P13_N400_B_20180530_RNA_CABBI,Miscanthus,2017,13,400,21,Rizosphere,yes,2017_400_21,RNA
4035_M_2017_P14_N0_A_20180530_RNA_CABBI,Miscanthus,2017,14,0,21,Rizosphere,yes,2017_0_21,RNA
4036_M_2017_P14_N0_B_20180530_RNA_CABBI,Miscanthus,2017,14,0,21,Rizosphere,yes,2017_0_21,RNA
4037_M_2016_P17_N400_A_20180530_RNA_CABBI,Miscanthus,2016,17,400,21,Rizosphere,yes,2016_400_21,RNA
4038_M_2016_P17_N400_B_20180530_RNA_CABBI,Miscanthus,2016,17,400,21,Rizosphere,yes,2016_400_21,RNA
4039_M_2016_P18_N200_A_20180530_RNA_CABBI,Miscanthus,2016,18,200,21,Rizosphere,yes,2016_200_21,RNA
4040_M_2016_P18_N200_B_20180530_RNA_CABBI,Miscanthus,2016,18,200,21,Rizosphere,yes,2016_200_21,RNA
4041_M_2016_P19_N0_A_20180530_RNA_CABBI,Miscanthus,2016,19,0,21,Rizosphere,yes,2016_0_21,RNA
4042_M_2016_P19_N0_B_20180530_RNA_CABBI,Miscanthus,2016,19,0,21,Rizosphere,yes,2016_0_21,RNA
4043_M_2017_P22_N400_A_20180530_RNA_CABBI,Miscanthus,2017,22,400,21,Rizosphere,yes,2017_400_21,RNA
4044_M_2017_P22_N400_B_20180530_RNA_CABBI,Miscanthus,2017,22,400,21,Rizosphere,yes,2017_400_21,RNA
4045_M_2017_P24_N0_A_20180530_RNA_CABBI,Miscanthus,2017,24,0,21,Rizosphere,yes,2017_0_21,RNA
4046_M_2017_P24_N0_B_20180530_RNA_CABBI,Miscanthus,2017,24,0,21,Rizosphere,yes,2017_0_21,RNA
4047_M_2017_P25_N200_A_20180530_RNA_CABBI,Miscanthus,2017,25,200,21,Rizosphere,yes,2017_200_21,RNA
4048_M_2017_P25_N200_B_20180530_RNA_CABBI,Miscanthus,2017,25,200,21,Rizosphere,yes,2017_200_21,RNA
4049_M_2015_P27_N400_A_20180530_RNA_CABBI,Miscanthus,2015,27,400,21,Rizosphere,yes,2015_400_21,RNA
4050_M_2015_P27_N400_B_20180530_RNA_CABBI,Miscanthus,2015,27,400,21,Rizosphere,yes,2015_400_21,RNA
4051_M_2015_P28_N0_A_20180530_RNA_CABBI,Miscanthus,2015,28,0,21,Rizosphere,yes,2015_0_21,RNA
4052_M_2015_P28_N0_B_20180530_RNA_CABBI,Miscanthus,2015,28,0,21,Rizosphere,yes,2015_0_21,RNA
4053_M_2015_P30_N200_A_20180530_RNA_CABBI,Miscanthus,2015,30,200,21,Rizosphere,yes,2015_200_21,RNA
4054_M_2015_P30_N200_B_20180530_RNA_CABBI,Miscanthus,2015,30,200,21,Rizosphere,yes,2015_200_21,RNA
4055_M_2017_P33_N200_A_20180530_RNA_CABBI,Miscanthus,2017,33,200,21,Rizosphere,yes,2017_200_21,RNA
4056_M_2017_P33_N200_B_20180530_RNA_CABBI,Miscanthus,2017,33,200,21,Rizosphere,yes,2017_200_21,RNA
4057_M_2017_P34_N400_A_20180530_RNA_CABBI,Miscanthus,2017,34,400,21,Rizosphere,yes,2017_400_21,RNA
4058_M_2017_P34_N400_B_20180530_RNA_CABBI,Miscanthus,2017,34,400,21,Rizosphere,yes,2017_400_21,RNA
4059_M_2017_P35_N0_A_20180530_RNA_CABBI,Miscanthus,2017,35,0,21,Rizosphere,yes,2017_0_21,RNA
4060_M_2017_P35_N0_B_20180530_RNA_CABBI,Miscanthus,2017,35,0,21,Rizosphere,yes,2017_0_21,RNA
4061_M_2016_P37_N400_A_20180530_RNA_CABBI,Miscanthus,2016,37,400,21,Rizosphere,yes,2016_400_21,RNA
4062_M_2016_P37_N400_B_20180530_RNA_CABBI,Miscanthus,2016,37,400,21,Rizosphere,yes,2016_400_21,RNA
4063_M_2016_P39_N0_A_20180530_RNA_CABBI,Miscanthus,2016,39,0,21,Rizosphere,yes,2016_0_21,RNA
4064_M_2016_P39_N0_B_20180530_RNA_CABBI,Miscanthus,2016,39,0,21,Rizosphere,yes,2016_0_21,RNA
4065_M_2016_P40_N200_A_20180530_RNA_CABBI,Miscanthus,2016,40,200,21,Rizosphere,yes,2016_200_21,RNA
4066_M_2016_P40_N200_B_20180530_RNA_CABBI,Miscanthus,2016,40,200,21,Rizosphere,yes,2016_200_21,RNA
4067_M_2015_P43_N200_A_20180530_RNA_CABBI,Miscanthus,2015,43,200,21,Rizosphere,yes,2015_200_21,RNA
4068_M_2015_P43_N200_B_20180530_RNA_CABBI,Miscanthus,2015,43,200,21,Rizosphere,yes,2015_200_21,RNA
4069_M_2015_P44_N0_A_20180530_RNA_CABBI,Miscanthus,2015,44,0,21,Rizosphere,yes,2015_0_21,RNA
4070_M_2015_P44_N0_B_20180530_RNA_CABBI,Miscanthus,2015,44,0,21,Rizosphere,yes,2015_0_21,RNA
4071_M_2015_P45_N400_A_20180530_RNA_CABBI,Miscanthus,2015,45,400,21,Rizosphere,yes,2015_400_21,RNA
4072_M_2015_P45_N400_B_20180530_RNA_CABBI,Miscanthus,2015,45,400,21,Rizosphere,yes,2015_400_21,RNA
4073_C_2018_P33_N200_A_20180530_RNA_CABBI,Corn,2018,33,200,21,Rizosphere,yes,2018_200_21,RNA
4074_C_2018_P33_N200_B_20180530_RNA_CABBI,Corn,2018,33,200,21,Rizosphere,yes,2018_200_21,RNA
4075_C_2018_P34_N300_A_20180530_RNA_CABBI,Corn,2018,34,300,21,Rizosphere,yes,2018_300_21,RNA
4076_C_2018_P34_N300_B_20180530_RNA_CABBI,Corn,2018,34,300,21,Rizosphere,yes,2018_300_21,RNA
4077_C_2018_P35_N0_A_20180530_RNA_CABBI,Corn,2018,35,0,21,Rizosphere,yes,2018_0_21,RNA
4078_C_2018_P35_N0_B_20180530_RNA_CABBI,Corn,2018,35,0,21,Rizosphere,yes,2018_0_21,RNA
4079_C_2018_P37_N300_A_20180530_RNA_CABBI,Corn,2018,37,300,21,Rizosphere,yes,2018_300_21,RNA
4080_C_2018_P37_N300_B_20180530_RNA_CABBI,Corn,2018,37,300,21,Rizosphere,yes,2018_300_21,RNA
4081_C_2018_P39_N0_A_20180530_RNA_CABBI,Corn,2018,39,0,21,Rizosphere,yes,2018_0_21,RNA
4082_C_2018_P39_N0_B_20180530_RNA_CABBI,Corn,2018,39,0,21,Rizosphere,yes,2018_0_21,RNA
4083_C_2018_P40_N200_A_20180530_RNA_CABBI,Corn,2018,40,200,21,Rizosphere,yes,2018_200_21,RNA
4084_C_2018_P40_N200_B_20180530_RNA_CABBI,Corn,2018,40,200,21,Rizosphere,yes,2018_200_21,RNA
4085_C_2018_P43_N200_A_20180530_RNA_CABBI,Corn,2018,43,200,21,Rizosphere,yes,2018_200_21,RNA
4086_C_2018_P43_N200_B_20180530_RNA_CABBI,Corn,2018,43,200,21,Rizosphere,yes,2018_200_21,RNA
4087_C_2018_P44_N0_A_20180530_RNA_CABBI,Corn,2018,44,0,21,Rizosphere,yes,2018_0_21,RNA
4088_C_2018_P44_N0_B_20180530_RNA_CABBI,Corn,2018,44,0,21,Rizosphere,yes,2018_0_21,RNA
4089_C_2018_P45_N300_A_20180530_RNA_CABBI,Corn,2018,45,300,21,Rizosphere,yes,2018_300_21,RNA
4090_C_2018_P45_N300_B_20180530_RNA_CABBI,Corn,2018,45,300,21,Rizosphere,yes,2018_300_21,RNA
4091_M_2017_P46_N0_A_20180530_RNA_CABBI,Miscanthus,2017,46,0,21,Rizosphere,yes,2017_0_21,RNA
4092_M_2017_P46_N0_B_20180530_RNA_CABBI,Miscanthus,2017,46,0,21,Rizosphere,yes,2017_0_21,RNA
4093_M_2017_P48_N400_A_20180530_RNA_CABBI,Miscanthus,2017,48,400,21,Rizosphere,yes,2017_400_21,RNA
4094_M_2017_P48_N400_B_20180530_RNA_CABBI,Miscanthus,2017,48,400,21,Rizosphere,yes,2017_400_21,RNA
4095_M_2017_P50_N200_A_20180530_RNA_CABBI,Miscanthus,2017,50,200,21,Rizosphere,yes,2017_200_21,RNA
4096_M_2017_P50_N200_B_20180530_RNA_CABBI,Miscanthus,2017,50,200,21,Rizosphere,yes,2017_200_21,RNA
4097_M_2015_P53_N400_A_20180530_RNA_CABBI,Miscanthus,2015,53,400,21,Rizosphere,yes,2015_400_21,RNA
4098_M_2015_P53_N400_B_20180530_RNA_CABBI,Miscanthus,2015,53,400,21,Rizosphere,yes,2015_400_21,RNA
4099_M_2015_P54_N200_A_20180530_RNA_CABBI,Miscanthus,2015,54,200,21,Rizosphere,yes,2015_200_21,RNA
4100_M_2015_P54_N200_B_20180530_RNA_CABBI,Miscanthus,2015,54,200,21,Rizosphere,yes,2015_200_21,RNA
4101_M_2015_P55_N0_A_20180530_RNA_CABBI,Miscanthus,2015,55,0,21,Rizosphere,yes,2015_0_21,RNA
4102_M_2015_P55_N0_B_20180530_RNA_CABBI,Miscanthus,2015,55,0,21,Rizosphere,yes,2015_0_21,RNA
4103_M_2016_P56_N0_A_20180530_RNA_CABBI,Miscanthus,2016,56,0,21,Rizosphere,yes,2016_0_21,RNA
4104_M_2016_P56_N0_B_20180530_RNA_CABBI,Miscanthus,2016,56,0,21,Rizosphere,yes,2016_0_21,RNA
4105_M_2016_P58_N400_A_20180530_RNA_CABBI,Miscanthus,2016,58,400,21,Rizosphere,yes,2016_400_21,RNA
4106_M_2016_P58_N400_B_20180530_RNA_CABBI,Miscanthus,2016,58,400,21,Rizosphere,yes,2016_400_21,RNA
4107_M_2016_P60_N200_A_20180530_RNA_CABBI,Miscanthus,2016,60,200,21,Rizosphere,yes,2016_200_21,RNA
4108_M_2016_P60_N200_B_20180530_RNA_CABBI,Miscanthus,2016,60,200,21,Rizosphere,yes,2016_200_21,RNA
5001_C_2018_P3_N300_A_20180703_RNA_CABBI,Corn,2018,3,300,69,Rizosphere,yes,2018_300_69,RNA
5002_C_2018_P3_N300_B_20180703_RNA_CABBI,Corn,2018,3,300,69,Rizosphere,yes,2018_300_69,RNA
5003_C_2018_P4_N0_A_20180703_RNA_CABBI,Corn,2018,4,0,69,Rizosphere,yes,2018_0_69,RNA
5004_C_2018_P4_N0_B_20180703_RNA_CABBI,Corn,2018,4,0,69,Rizosphere,yes,2018_0_69,RNA
5005_C_2018_P5_N200_A_20180703_RNA_CABBI,Corn,2018,5,200,69,Rizosphere,yes,2018_200_69,RNA
5006_C_2018_P5_N200_B_20180703_RNA_CABBI,Corn,2018,5,200,69,Rizosphere,yes,2018_200_69,RNA
5007_C_2018_P6_N300_A_20180703_RNA_CABBI,Corn,2018,6,300,69,Rizosphere,yes,2018_300_69,RNA
5008_C_2018_P6_N300_B_20180703_RNA_CABBI,Corn,2018,6,300,69,Rizosphere,yes,2018_300_69,RNA
5009_C_2018_P7_N0_A_20180703_RNA_CABBI,Corn,2018,7,0,69,Rizosphere,yes,2018_0_69,RNA
5010_C_2018_P7_N0_B_20180703_RNA_CABBI,Corn,2018,7,0,69,Rizosphere,yes,2018_0_69,RNA
5011_C_2018_P9_N200_A_20180703_RNA_CABBI,Corn,2018,9,200,69,Rizosphere,yes,2018_200_69,RNA
5012_C_2018_P9_N200_B_20180703_RNA_CABBI,Corn,2018,9,200,69,Rizosphere,yes,2018_200_69,RNA
5013_C_2018_P12_N200_A_20180703_RNA_CABBI,Corn,2018,12,200,69,Rizosphere,yes,2018_200_69,RNA
5015_C_2018_P13_N300_A_20180703_RNA_CABBI,Corn,2018,13,300,69,Rizosphere,yes,2018_300_69,RNA
5016_C_2018_P13_N300_B_20180703_RNA_CABBI,Corn,2018,13,300,69,Rizosphere,yes,2018_300_69,RNA
5017_C_2018_P14_N0_A_20180703_RNA_CABBI,Corn,2018,14,0,69,Rizosphere,yes,2018_0_69,RNA
5018_C_2018_P14_N0_B_20180703_RNA_CABBI,Corn,2018,14,0,69,Rizosphere,yes,2018_0_69,RNA
5019_M_2015_P3_N400_A_20180703_RNA_CABBI,Miscanthus,2015,3,400,69,Rizosphere,yes,2015_400_69,RNA
5020_M_2015_P3_N400_B_20180703_RNA_CABBI,Miscanthus,2015,3,400,69,Rizosphere,yes,2015_400_69,RNA
5021_M_2015_P4_N0_A_20180703_RNA_CABBI,Miscanthus,2015,4,0,69,Rizosphere,yes,2015_0_69,RNA
5022_M_2015_P4_N0_B_20180703_RNA_CABBI,Miscanthus,2015,4,0,69,Rizosphere,yes,2015_0_69,RNA
5023_M_2015_P5_N200_A_20180703_RNA_CABBI,Miscanthus,2015,5,200,69,Rizosphere,yes,2015_200_69,RNA
5024_M_2015_P5_N200_B_20180703_RNA_CABBI,Miscanthus,2015,5,200,69,Rizosphere,yes,2015_200_69,RNA
5025_M_2016_P6_N400_A_20180703_RNA_CABBI,Miscanthus,2016,6,400,69,Rizosphere,yes,2016_400_69,RNA
5026_M_2016_P6_N400_B_20180703_RNA_CABBI,Miscanthus,2016,6,400,69,Rizosphere,yes,2016_400_69,RNA
5027_M_2016_P7_N0_A_20180703_RNA_CABBI,Miscanthus,2016,7,0,69,Rizosphere,yes,2016_0_69,RNA
5028_M_2016_P7_N0_B_20180703_RNA_CABBI,Miscanthus,2016,7,0,69,Rizosphere,yes,2016_0_69,RNA
5029_M_2016_P9_N200_A_20180703_RNA_CABBI,Miscanthus,2016,9,200,69,Rizosphere,yes,2016_200_69,RNA
5030_M_2016_P9_N200_B_20180703_RNA_CABBI,Miscanthus,2016,9,200,69,Rizosphere,yes,2016_200_69,RNA
5031_M_2017_P12_N200_A_20180703_RNA_CABBI,Miscanthus,2017,12,200,69,Rizosphere,yes,2017_200_69,RNA
5032_M_2017_P12_N200_B_20180703_RNA_CABBI,Miscanthus,2017,12,200,69,Rizosphere,yes,2017_200_69,RNA
5033_M_2017_P13_N400_A_20180703_RNA_CABBI,Miscanthus,2017,13,400,69,Rizosphere,yes,2017_400_69,RNA
5034_M_2017_P13_N400_B_20180703_RNA_CABBI,Miscanthus,2017,13,400,69,Rizosphere,yes,2017_400_69,RNA
5035_M_2017_P14_N0_A_20180703_RNA_CABBI,Miscanthus,2017,14,0,69,Rizosphere,yes,2017_0_69,RNA
5036_M_2017_P14_N0_B_20180703_RNA_CABBI,Miscanthus,2017,14,0,69,Rizosphere,yes,2017_0_69,RNA
5037_M_2016_P17_N400_A_20180703_RNA_CABBI,Miscanthus,2016,17,400,69,Rizosphere,yes,2016_400_69,RNA
5038_M_2016_P17_N400_B_20180703_RNA_CABBI,Miscanthus,2016,17,400,69,Rizosphere,yes,2016_400_69,RNA
5039_M_2016_P18_N200_A_20180703_RNA_CABBI,Miscanthus,2016,18,200,69,Rizosphere,yes,2016_200_69,RNA
5040_M_2016_P18_N200_B_20180703_RNA_CABBI,Miscanthus,2016,18,200,69,Rizosphere,yes,2016_200_69,RNA
5041_M_2016_P19_N0_A_20180703_RNA_CABBI,Miscanthus,2016,19,0,69,Rizosphere,yes,2016_0_69,RNA
5042_M_2016_P19_N0_B_20180703_RNA_CABBI,Miscanthus,2016,19,0,69,Rizosphere,yes,2016_0_69,RNA
5043_M_2017_P22_N400_A_20180703_RNA_CABBI,Miscanthus,2017,22,400,69,Rizosphere,yes,2017_400_69,RNA
5044_M_2017_P22_N400_B_20180703_RNA_CABBI,Miscanthus,2017,22,400,69,Rizosphere,yes,2017_400_69,RNA
5045_M_2017_P24_N0_A_20180703_RNA_CABBI,Miscanthus,2017,24,0,69,Rizosphere,yes,2017_0_69,RNA
5046_M_2017_P24_N0_B_20180703_RNA_CABBI,Miscanthus,2017,24,0,69,Rizosphere,yes,2017_0_69,RNA
5047_M_2017_P25_N200_A_20180703_RNA_CABBI,Miscanthus,2017,25,200,69,Rizosphere,yes,2017_200_69,RNA
5048_M_2017_P25_N200_B_20180703_RNA_CABBI,Miscanthus,2017,25,200,69,Rizosphere,yes,2017_200_69,RNA
5049_M_2015_P27_N400_A_20180703_RNA_CABBI,Miscanthus,2015,27,400,69,Rizosphere,yes,2015_400_69,RNA
5050_M_2015_P27_N400_B_20180703_RNA_CABBI,Miscanthus,2015,27,400,69,Rizosphere,yes,2015_400_69,RNA
5051_M_2015_P28_N0_A_20180703_RNA_CABBI,Miscanthus,2015,28,0,69,Rizosphere,yes,2015_0_69,RNA
5052_M_2015_P28_N0_B_20180703_RNA_CABBI,Miscanthus,2015,28,0,69,Rizosphere,yes,2015_0_69,RNA
5053_M_2015_P30_N200_A_20180703_RNA_CABBI,Miscanthus,2015,30,200,69,Rizosphere,yes,2015_200_69,RNA
5054_M_2015_P30_N200_B_20180703_RNA_CABBI,Miscanthus,2015,30,200,69,Rizosphere,yes,2015_200_69,RNA
5055_M_2017_P33_N200_A_20180703_RNA_CABBI,Miscanthus,2017,33,200,69,Rizosphere,yes,2017_200_69,RNA
5056_M_2017_P33_N200_B_20180703_RNA_CABBI,Miscanthus,2017,33,200,69,Rizosphere,yes,2017_200_69,RNA
5057_M_2017_P34_N400_A_20180703_RNA_CABBI,Miscanthus,2017,34,400,69,Rizosphere,yes,2017_400_69,RNA
5058_M_2017_P34_N400_B_20180703_RNA_CABBI,Miscanthus,2017,34,400,69,Rizosphere,yes,2017_400_69,RNA
5059_M_2017_P35_N0_A_20180703_RNA_CABBI,Miscanthus,2017,35,0,69,Rizosphere,yes,2017_0_69,RNA
5060_M_2017_P35_N0_B_20180703_RNA_CABBI,Miscanthus,2017,35,0,69,Rizosphere,yes,2017_0_69,RNA
5061_M_2016_P37_N400_A_20180703_RNA_CABBI,Miscanthus,2016,37,400,69,Rizosphere,yes,2016_400_69,RNA
5062_M_2016_P37_N400_B_20180703_RNA_CABBI,Miscanthus,2016,37,400,69,Rizosphere,yes,2016_400_69,RNA
5063_M_2016_P39_N0_A_20180703_RNA_CABBI,Miscanthus,2016,39,0,69,Rizosphere,yes,2016_0_69,RNA
5064_M_2016_P39_N0_B_20180703_RNA_CABBI,Miscanthus,2016,39,0,69,Rizosphere,yes,2016_0_69,RNA
5065_M_2016_P40_N200_A_20180703_RNA_CABBI,Miscanthus,2016,40,200,69,Rizosphere,yes,2016_200_69,RNA
5066_M_2016_P40_N200_B_20180703_RNA_CABBI,Miscanthus,2016,40,200,69,Rizosphere,yes,2016_200_69,RNA
5067_M_2015_P43_N200_A_20180703_RNA_CABBI,Miscanthus,2015,43,200,69,Rizosphere,yes,2015_200_69,RNA
5068_M_2015_P43_N200_B_20180703_RNA_CABBI,Miscanthus,2015,43,200,69,Rizosphere,yes,2015_200_69,RNA
5069_M_2015_P44_N0_A_20180703_RNA_CABBI,Miscanthus,2015,44,0,69,Rizosphere,yes,2015_0_69,RNA
5070_M_2015_P44_N0_B_20180703_RNA_CABBI,Miscanthus,2015,44,0,69,Rizosphere,yes,2015_0_69,RNA
5071_M_2015_P45_N400_A_20180703_RNA_CABBI,Miscanthus,2015,45,400,69,Rizosphere,yes,2015_400_69,RNA
5072_M_2015_P45_N400_B_20180703_RNA_CABBI,Miscanthus,2015,45,400,69,Rizosphere,yes,2015_400_69,RNA
5073_C_2018_P33_N200_A_20180703_RNA_CABBI,Corn,2018,33,200,69,Rizosphere,yes,2018_200_69,RNA
5074_C_2018_P33_N200_B_20180703_RNA_CABBI,Corn,2018,33,200,69,Rizosphere,yes,2018_200_69,RNA
5075_C_2018_P34_N300_A_20180703_RNA_CABBI,Corn,2018,34,300,69,Rizosphere,yes,2018_300_69,RNA
5076_C_2018_P34_N300_B_20180703_RNA_CABBI,Corn,2018,34,300,69,Rizosphere,yes,2018_300_69,RNA
5077_C_2018_P35_N0_A_20180703_RNA_CABBI,Corn,2018,35,0,69,Rizosphere,yes,2018_0_69,RNA
5078_C_2018_P35_N0_B_20180703_RNA_CABBI,Corn,2018,35,0,69,Rizosphere,yes,2018_0_69,RNA
5079_C_2018_P37_N300_A_20180703_RNA_CABBI,Corn,2018,37,300,69,Rizosphere,yes,2018_300_69,RNA
5080_C_2018_P37_N300_B_20180703_RNA_CABBI,Corn,2018,37,300,69,Rizosphere,yes,2018_300_69,RNA
5081_C_2018_P39_N0_A_20180703_RNA_CABBI,Corn,2018,39,0,69,Rizosphere,yes,2018_0_69,RNA
5082_C_2018_P39_N0_B_20180703_RNA_CABBI,Corn,2018,39,0,69,Rizosphere,yes,2018_0_69,RNA
5083_C_2018_P40_N200_A_20180703_RNA_CABBI,Corn,2018,40,200,69,Rizosphere,yes,2018_200_69,RNA
5084_C_2018_P40_N200_B_20180703_RNA_CABBI,Corn,2018,40,200,69,Rizosphere,yes,2018_200_69,RNA
5085_C_2018_P43_N200_A_20180703_RNA_CABBI,Corn,2018,43,200,69,Rizosphere,yes,2018_200_69,RNA
5086_C_2018_P43_N200_B_20180703_RNA_CABBI,Corn,2018,43,200,69,Rizosphere,yes,2018_200_69,RNA
5087_C_2018_P44_N0_A_20180703_RNA_CABBI,Corn,2018,44,0,69,Rizosphere,yes,2018_0_69,RNA
5088_C_2018_P44_N0_B_20180703_RNA_CABBI,Corn,2018,44,0,69,Rizosphere,yes,2018_0_69,RNA
5089_C_2018_P45_N300_A_20180703_RNA_CABBI,Corn,2018,45,300,69,Rizosphere,yes,2018_300_69,RNA
5090_C_2018_P45_N300_B_20180703_RNA_CABBI,Corn,2018,45,300,69,Rizosphere,yes,2018_300_69,RNA
5091_M_2017_P46_N0_A_20180703_RNA_CABBI,Miscanthus,2017,46,0,69,Rizosphere,yes,2017_0_69,RNA
5092_M_2017_P46_N0_B_20180703_RNA_CABBI,Miscanthus,2017,46,0,69,Rizosphere,yes,2017_0_69,RNA
5093_M_2017_P48_N400_A_20180703_RNA_CABBI,Miscanthus,2017,48,400,69,Rizosphere,yes,2017_400_69,RNA
5094_M_2017_P48_N400_B_20180703_RNA_CABBI,Miscanthus,2017,48,400,69,Rizosphere,yes,2017_400_69,RNA
5095_M_2017_P50_N200_A_20180703_RNA_CABBI,Miscanthus,2017,50,200,69,Rizosphere,yes,2017_200_69,RNA
5096_M_2017_P50_N200_B_20180703_RNA_CABBI,Miscanthus,2017,50,200,69,Rizosphere,yes,2017_200_69,RNA
5097_M_2015_P53_N400_A_20180703_RNA_CABBI,Miscanthus,2015,53,400,69,Rizosphere,yes,2015_400_69,RNA
5098_M_2015_P53_N400_B_20180703_RNA_CABBI,Miscanthus,2015,53,400,69,Rizosphere,yes,2015_400_69,RNA
5099_M_2015_P54_N200_A_20180703_RNA_CABBI,Miscanthus,2015,54,200,69,Rizosphere,yes,2015_200_69,RNA
5100_M_2015_P54_N200_B_20180703_RNA_CABBI,Miscanthus,2015,54,200,69,Rizosphere,yes,2015_200_69,RNA
5101_M_2015_P55_N0_A_20180703_RNA_CABBI,Miscanthus,2015,55,0,69,Rizosphere,yes,2015_0_69,RNA
5102_M_2015_P55_N0_B_20180703_RNA_CABBI,Miscanthus,2015,55,0,69,Rizosphere,yes,2015_0_69,RNA
5103_M_2016_P56_N0_A_20180703_RNA_CABBI,Miscanthus,2016,56,0,69,Rizosphere,yes,2016_0_69,RNA
5104_M_2016_P56_N0_B_20180703_RNA_CABBI,Miscanthus,2016,56,0,69,Rizosphere,yes,2016_0_69,RNA
5105_M_2016_P58_N400_A_20180703_RNA_CABBI,Miscanthus,2016,58,400,69,Rizosphere,yes,2016_400_69,RNA
5106_M_2016_P58_N400_B_20180703_RNA_CABBI,Miscanthus,2016,58,400,69,Rizosphere,yes,2016_400_69,RNA
5107_M_2016_P60_N200_A_20180703_RNA_CABBI,Miscanthus,2016,60,200,69,Rizosphere,yes,2016_200_69,RNA
5108_M_2016_P60_N200_B_20180703_RNA_CABBI,Miscanthus,2016,60,200,69,Rizosphere,yes,2016_200_69,RNA